[debug] [2026-08-11T21:36:26.209Z] ----------------------------------------------------------------------
[debug] [2026-08-11T21:36:26.213Z] Command:       /usr/local/bin/node /usr/local/bin/firebase deploy --only functions
[debug] [2026-08-11T21:36:26.214Z] CLI Version:   15.26.0
[debug] [2026-08-11T21:36:26.214Z] Platform:      darwin
[debug] [2026-08-11T21:36:26.214Z] Node Version:  v24.18.0
[debug] [2026-08-11T21:36:26.214Z] Detected Agent: unknown
[debug] [2026-08-11T21:36:26.214Z] Time:          Tue Aug 11 2026 23:36:26 GMT+0200 (Central European Summer Time)
[debug] [2026-08-11T21:36:26.214Z] ----------------------------------------------------------------------
[debug] 
[debug] [2026-08-11T21:36:27.922Z] > command requires scopes: ["email","openid","https://www.googleapis.com/auth/cloudplatformprojects.readonly","https://www.googleapis.com/auth/firebase","https://www.googleapis.com/auth/cloud-platform"]
[debug] [2026-08-11T21:36:27.922Z] > authorizing via signed-in user (peterson.michels@barnx.lu)
[debug] [2026-08-11T21:36:27.922Z] [iam] checking project duoelo-987fd for permissions ["cloudfunctions.functions.create","cloudfunctions.functions.delete","cloudfunctions.functions.get","cloudfunctions.functions.list","cloudfunctions.functions.update","cloudfunctions.operations.get","firebase.projects.get"]
[debug] [2026-08-11T21:36:27.935Z] Checked if tokens are valid: true, expires at: 1786485775867
[debug] [2026-08-11T21:36:27.935Z] Checked if tokens are valid: true, expires at: 1786485775867
[debug] [2026-08-11T21:36:27.936Z] >>> [apiv2][query] POST https://cloudresourcemanager.googleapis.com/v1/projects/duoelo-987fd:testIamPermissions [none]
[debug] [2026-08-11T21:36:27.936Z] >>> [apiv2][(partial)header] POST https://cloudresourcemanager.googleapis.com/v1/projects/duoelo-987fd:testIamPermissions  x-goog-user-project=duoelo-987fd
[debug] [2026-08-11T21:36:27.936Z] >>> [apiv2][body] POST https://cloudresourcemanager.googleapis.com/v1/projects/duoelo-987fd:testIamPermissions {"permissions":["cloudfunctions.functions.create","cloudfunctions.functions.delete","cloudfunctions.functions.get","cloudfunctions.functions.list","cloudfunctions.functions.update","cloudfunctions.operations.get","firebase.projects.get"]}
[debug] [2026-08-11T21:36:28.927Z] <<< [apiv2][status] POST https://cloudresourcemanager.googleapis.com/v1/projects/duoelo-987fd:testIamPermissions 200
[debug] [2026-08-11T21:36:28.928Z] <<< [apiv2][body] POST https://cloudresourcemanager.googleapis.com/v1/projects/duoelo-987fd:testIamPermissions {"permissions":["cloudfunctions.functions.create","cloudfunctions.functions.delete","cloudfunctions.functions.get","cloudfunctions.functions.list","cloudfunctions.functions.update","cloudfunctions.operations.get","firebase.projects.get"]}
[debug] [2026-08-11T21:36:28.928Z] Checked if tokens are valid: true, expires at: 1786485775867
[debug] [2026-08-11T21:36:28.928Z] Checked if tokens are valid: true, expires at: 1786485775867
[debug] [2026-08-11T21:36:28.928Z] >>> [apiv2][query] POST https://iam.googleapis.com/v1/projects/duoelo-987fd/serviceAccounts/duoelo-987fd@appspot.gserviceaccount.com:testIamPermissions [none]
[debug] [2026-08-11T21:36:28.928Z] >>> [apiv2][body] POST https://iam.googleapis.com/v1/projects/duoelo-987fd/serviceAccounts/duoelo-987fd@appspot.gserviceaccount.com:testIamPermissions {"permissions":["iam.serviceAccounts.actAs"]}
[debug] [2026-08-11T21:36:29.782Z] <<< [apiv2][status] POST https://iam.googleapis.com/v1/projects/duoelo-987fd/serviceAccounts/duoelo-987fd@appspot.gserviceaccount.com:testIamPermissions 200
[debug] [2026-08-11T21:36:29.782Z] <<< [apiv2][body] POST https://iam.googleapis.com/v1/projects/duoelo-987fd/serviceAccounts/duoelo-987fd@appspot.gserviceaccount.com:testIamPermissions {"permissions":["iam.serviceAccounts.actAs"]}
[info] 
[info] === Deploying to 'duoelo-987fd'...
[info] 
[info] i  deploying functions 
[info] Running command: npm --prefix "$RESOURCE_DIR" run build
[info] ✔  functions: Finished running predeploy script. 
[debug] [2026-08-11T21:36:33.969Z] Checked if tokens are valid: true, expires at: 1786485775867
[debug] [2026-08-11T21:36:33.969Z] Checked if tokens are valid: true, expires at: 1786485775867
[debug] [2026-08-11T21:36:33.969Z] >>> [apiv2][query] GET https://cloudresourcemanager.googleapis.com/v1/projects/duoelo-987fd [none]
[debug] [2026-08-11T21:36:34.283Z] <<< [apiv2][status] GET https://cloudresourcemanager.googleapis.com/v1/projects/duoelo-987fd 200
[debug] [2026-08-11T21:36:34.283Z] <<< [apiv2][body] GET https://cloudresourcemanager.googleapis.com/v1/projects/duoelo-987fd {"projectNumber":"504286284116","projectId":"duoelo-987fd","lifecycleState":"ACTIVE","name":"DuoElo","labels":{"firebase":"enabled","firebase-core":"disabled"},"createTime":"2026-07-29T16:24:15.663Z","parent":{"type":"organization","id":"823587890408"}}
[info] i  functions: preparing codebase default for deployment 
[info] i  functions: ensuring required API cloudfunctions.googleapis.com is enabled... 
[info] i  functions: ensuring required API cloudbuild.googleapis.com is enabled... 
[info] i  artifactregistry: ensuring required API artifactregistry.googleapis.com is enabled... 
[debug] [2026-08-11T21:36:34.285Z] Checked if tokens are valid: true, expires at: 1786485775867
[debug] [2026-08-11T21:36:34.285Z] Checked if tokens are valid: true, expires at: 1786485775867
[debug] [2026-08-11T21:36:34.286Z] >>> [apiv2][query] GET https://firebase.googleapis.com/v1beta1/projects/duoelo-987fd/adminSdkConfig [none]
[debug] [2026-08-11T21:36:34.646Z] <<< [apiv2][status] GET https://firebase.googleapis.com/v1beta1/projects/duoelo-987fd/adminSdkConfig 200
[debug] [2026-08-11T21:36:34.646Z] <<< [apiv2][body] GET https://firebase.googleapis.com/v1beta1/projects/duoelo-987fd/adminSdkConfig {"projectId":"duoelo-987fd","storageBucket":"duoelo-987fd.firebasestorage.app"}
[debug] [2026-08-11T21:36:34.649Z] Validating nodejs source
[debug] [2026-08-11T21:36:35.577Z] > [functions] package.json contents: {
  "name": "functions",
  "scripts": {
    "lint": "eslint --ext .js,.ts .",
    "build": "tsc",
    "build:watch": "tsc --watch",
    "serve": "npm run build && firebase emulators:start --only functions",
    "shell": "npm run build && firebase functions:shell",
    "start": "npm run shell",
    "deploy": "firebase deploy --only functions",
    "logs": "firebase functions:log"
  },
  "engines": {
    "node": "24"
  },
  "main": "lib/index.js",
  "dependencies": {
    "firebase-admin": "^13.6.0",
    "firebase-functions": "^7.0.0"
  },
  "devDependencies": {
    "@typescript-eslint/eslint-plugin": "^5.12.0",
    "@typescript-eslint/parser": "^5.12.0",
    "eslint": "^8.9.0",
    "eslint-config-google": "^0.14.0",
    "eslint-plugin-import": "^2.25.4",
    "firebase-functions-test": "^3.4.1",
    "typescript": "^6.0.0"
  },
  "private": true
}
[debug] [2026-08-11T21:36:35.577Z] Building nodejs source
[info] i  functions: Loading and analyzing source code for codebase default to determine what to deploy 
[debug] [2026-08-11T21:36:35.578Z] Could not find functions.yaml. Must use http discovery
[debug] [2026-08-11T21:36:35.588Z] Found firebase-functions binary at '/Users/digital-inclusion/duoelo_app/DuoElo/functions/node_modules/.bin/firebase-functions'
[info] Serving at port 8107

[debug] [2026-08-11T21:36:36.249Z] Got response from /__/functions.yaml {"endpoints":{"processMatch":{"availableMemoryMb":null,"timeoutSeconds":null,"minInstances":null,"maxInstances":null,"ingressSettings":null,"concurrency":null,"serviceAccountEmail":null,"vpc":null,"platform":"gcfv2","region":["europe-west1"],"labels":{},"eventTrigger":{"eventType":"google.cloud.firestore.document.v1.updated","eventFilters":{"database":"(default)","namespace":"(default)"},"eventFilterPathPatterns":{"document":"users/{userId}"},"retry":false},"entryPoint":"processMatch"},"revenueCatWebhook":{"availableMemoryMb":null,"timeoutSeconds":null,"minInstances":null,"maxInstances":null,"ingressSettings":null,"concurrency":null,"serviceAccountEmail":null,"vpc":null,"platform":"gcfv2","region":["europe-west1"],"labels":{},"httpsTrigger":{},"entryPoint":"revenueCatWebhook"}},"specVersion":"v1alpha1","requiredAPIs":[],"extensions":{}}
[debug] [2026-08-11T21:36:39.279Z] Checked if tokens are valid: true, expires at: 1786485775867
[debug] [2026-08-11T21:36:39.280Z] Checked if tokens are valid: true, expires at: 1786485775867
[debug] [2026-08-11T21:36:39.280Z] >>> [apiv2][query] GET https://cloudfunctions.googleapis.com/v1/projects/duoelo-987fd/locations/-/functions [none]
[debug] [2026-08-11T21:36:40.070Z] <<< [apiv2][status] GET https://cloudfunctions.googleapis.com/v1/projects/duoelo-987fd/locations/-/functions 200
[debug] [2026-08-11T21:36:40.070Z] <<< [apiv2][body] GET https://cloudfunctions.googleapis.com/v1/projects/duoelo-987fd/locations/-/functions {}
[debug] [2026-08-11T21:36:40.070Z] Checked if tokens are valid: true, expires at: 1786485775867
[debug] [2026-08-11T21:36:40.070Z] Checked if tokens are valid: true, expires at: 1786485775867
[debug] [2026-08-11T21:36:40.070Z] >>> [apiv2][query] GET https://cloudfunctions.googleapis.com/v2/projects/duoelo-987fd/locations/-/functions filter=environment%3D%22GEN_2%22
[debug] [2026-08-11T21:36:41.300Z] <<< [apiv2][status] GET https://cloudfunctions.googleapis.com/v2/projects/duoelo-987fd/locations/-/functions 200
[debug] [2026-08-11T21:36:41.301Z] <<< [apiv2][body] GET https://cloudfunctions.googleapis.com/v2/projects/duoelo-987fd/locations/-/functions {"functions":[{"name":"projects/duoelo-987fd/locations/europe-west1/functions/processMatch","buildConfig":{"build":"projects/504286284116/locations/europe-west1/builds/293239a1-2ae5-4232-9c97-9c6b362460f0","runtime":"nodejs24","entryPoint":"processMatch","source":{"storageSource":{"bucket":"gcf-v2-sources-504286284116-europe-west1","object":"processMatch/function-source.zip","generation":"1786036017156724"}},"environmentVariables":{"GOOGLE_NODE_RUN_SCRIPTS":""},"dockerRepository":"projects/duoelo-987fd/locations/europe-west1/repositories/gcf-artifacts","sourceProvenance":{"resolvedStorageSource":{"bucket":"gcf-v2-sources-504286284116-europe-west1","object":"processMatch/function-source.zip","generation":"1786036017156724"}},"dockerRegistry":"ARTIFACT_REGISTRY","serviceAccount":"projects/duoelo-987fd/serviceAccounts/504286284116-compute@developer.gserviceaccount.com","automaticUpdatePolicy":{}},"serviceConfig":{"service":"projects/duoelo-987fd/locations/europe-west1/services/processmatch","timeoutSeconds":60,"environmentVariables":{"FIREBASE_CONFIG":"{\"projectId\":\"duoelo-987fd\",\"storageBucket\":\"duoelo-987fd.firebasestorage.app\"}","GCLOUD_PROJECT":"duoelo-987fd","EVENTARC_CLOUD_EVENT_SOURCE":"projects/duoelo-987fd/locations/europe-west1/services/processMatch","FUNCTION_REGION":"europe-west1","FUNCTION_SIGNATURE_TYPE":"cloudevent","FUNCTION_TARGET":"processMatch","LOG_EXECUTION_ID":"true"},"ingressSettings":"ALLOW_ALL","uri":"https://processmatch-phlhppihra-ew.a.run.app","serviceAccountEmail":"504286284116-compute@developer.gserviceaccount.com","availableMemory":"256Mi","allTrafficOnLatestRevision":true,"revision":"processmatch-00001-bev","maxInstanceRequestConcurrency":80,"availableCpu":"1"},"eventTrigger":{"trigger":"projects/duoelo-987fd/locations/europe-west1/triggers/processmatch-778683","triggerRegion":"europe-west1","eventType":"google.cloud.firestore.document.v1.updated","eventFilters":[{"attribute":"database","value":"(default)"},{"attribute":"namespace","value":"(default)"},{"attribute":"document","value":"users/{userId}","operator":"match-path-pattern"}],"pubsubTopic":"projects/duoelo-987fd/topics/eventarc-europe-west1-processmatch-778683-707","serviceAccountEmail":"504286284116-compute@developer.gserviceaccount.com","retryPolicy":"RETRY_POLICY_DO_NOT_RETRY"},"state":"ACTIVE","updateTime":"2026-08-06T17:08:25.863366676Z","labels":{"firebase-functions-hash":"3be74c112c776b90eca681459a0cff56491874c3","deployment-tool":"cli-firebase"},"environment":"GEN_2","url":"https://europe-west1-duoelo-987fd.cloudfunctions.net/processMatch","createTime":"2026-08-06T17:06:58.271021746Z","satisfiesPzi":true}]}
[info] i  extensions: ensuring required API firebaseextensions.googleapis.com is enabled... 
[debug] [2026-08-11T21:36:41.303Z] > command requires scopes: ["email","openid","https://www.googleapis.com/auth/cloudplatformprojects.readonly","https://www.googleapis.com/auth/firebase","https://www.googleapis.com/auth/cloud-platform"]
[debug] [2026-08-11T21:36:41.304Z] > authorizing via signed-in user (peterson.michels@barnx.lu)
[debug] [2026-08-11T21:36:41.304Z] [iam] checking project duoelo-987fd for permissions ["firebase.projects.get","firebaseextensions.instances.list"]
[debug] [2026-08-11T21:36:41.304Z] Checked if tokens are valid: true, expires at: 1786485775867
[debug] [2026-08-11T21:36:41.304Z] Checked if tokens are valid: true, expires at: 1786485775867
[debug] [2026-08-11T21:36:41.304Z] >>> [apiv2][query] POST https://cloudresourcemanager.googleapis.com/v1/projects/duoelo-987fd:testIamPermissions [none]
[debug] [2026-08-11T21:36:41.304Z] >>> [apiv2][(partial)header] POST https://cloudresourcemanager.googleapis.com/v1/projects/duoelo-987fd:testIamPermissions  x-goog-user-project=duoelo-987fd
[debug] [2026-08-11T21:36:41.304Z] >>> [apiv2][body] POST https://cloudresourcemanager.googleapis.com/v1/projects/duoelo-987fd:testIamPermissions {"permissions":["firebase.projects.get","firebaseextensions.instances.list"]}
[debug] [2026-08-11T21:36:41.542Z] <<< [apiv2][status] POST https://cloudresourcemanager.googleapis.com/v1/projects/duoelo-987fd:testIamPermissions 200
[debug] [2026-08-11T21:36:41.543Z] <<< [apiv2][body] POST https://cloudresourcemanager.googleapis.com/v1/projects/duoelo-987fd:testIamPermissions {"permissions":["firebase.projects.get","firebaseextensions.instances.list"]}
[debug] [2026-08-11T21:36:41.543Z] Checked if tokens are valid: true, expires at: 1786485775867
[debug] [2026-08-11T21:36:41.543Z] Checked if tokens are valid: true, expires at: 1786485775867
[debug] [2026-08-11T21:36:41.544Z] >>> [apiv2][query] GET https://firebaseextensions.googleapis.com/v1beta/projects/duoelo-987fd/instances pageSize=100&pageToken=
[debug] [2026-08-11T21:36:42.528Z] <<< [apiv2][status] GET https://firebaseextensions.googleapis.com/v1beta/projects/duoelo-987fd/instances 200
[debug] [2026-08-11T21:36:42.528Z] <<< [apiv2][body] GET https://firebaseextensions.googleapis.com/v1beta/projects/duoelo-987fd/instances {}
[debug] [2026-08-11T21:36:42.530Z] Attempting to merge .env secret bindings {} into declared secrets...)}
[debug] [2026-08-11T21:36:42.530Z] processMatch declared secrets: undefined
[debug] [2026-08-11T21:36:42.530Z] revenueCatWebhook declared secrets: undefined
[info] i  functions: preparing functions directory for uploading... 
[info] i  functions: packaged /Users/digital-inclusion/duoelo_app/DuoElo/functions (104.09 KB) for uploading 
[debug] [2026-08-11T21:36:42.580Z] Checked if tokens are valid: true, expires at: 1786485775867
[debug] [2026-08-11T21:36:42.580Z] Checked if tokens are valid: true, expires at: 1786485775867
[debug] [2026-08-11T21:36:42.580Z] >>> [apiv2][query] GET https://firestore.googleapis.com/v1/projects/duoelo-987fd/databases/(default) [none]
[debug] [2026-08-11T21:36:43.113Z] <<< [apiv2][status] GET https://firestore.googleapis.com/v1/projects/duoelo-987fd/databases/(default) 200
[debug] [2026-08-11T21:36:43.113Z] <<< [apiv2][body] GET https://firestore.googleapis.com/v1/projects/duoelo-987fd/databases/(default) {"name":"projects/duoelo-987fd/databases/(default)","uid":"0f1bf76c-4d54-4aee-b624-091c82595383","createTime":"2026-07-29T17:05:48.256878Z","updateTime":"2026-07-29T17:05:48.256878Z","locationId":"europe-west1","type":"FIRESTORE_NATIVE","concurrencyMode":"PESSIMISTIC","versionRetentionPeriod":"3600s","earliestVersionTime":"2026-08-11T20:36:43.251852Z","appEngineIntegrationMode":"DISABLED","pointInTimeRecoveryEnablement":"POINT_IN_TIME_RECOVERY_DISABLED","deleteProtectionState":"DELETE_PROTECTION_DISABLED","databaseEdition":"STANDARD","freeTier":true,"realtimeUpdatesMode":"REALTIME_UPDATES_MODE_ENABLED","etag":"IN3L06LEmZYDMIqR57Oy+JUD"}
[info] i  functions: ensuring required API run.googleapis.com is enabled... 
[info] i  functions: ensuring required API eventarc.googleapis.com is enabled... 
[info] i  functions: ensuring required API pubsub.googleapis.com is enabled... 
[info] i  functions: ensuring required API storage.googleapis.com is enabled... 
[info] i  functions: generating the service identity for pubsub.googleapis.com... 
[debug] [2026-08-11T21:36:43.118Z] Checked if tokens are valid: true, expires at: 1786485775867
[debug] [2026-08-11T21:36:43.118Z] Checked if tokens are valid: true, expires at: 1786485775867
[info] i  functions: generating the service identity for eventarc.googleapis.com... 
[debug] [2026-08-11T21:36:43.118Z] Checked if tokens are valid: true, expires at: 1786485775867
[debug] [2026-08-11T21:36:43.118Z] Checked if tokens are valid: true, expires at: 1786485775867
[debug] [2026-08-11T21:36:43.118Z] >>> [apiv2][query] POST https://serviceusage.googleapis.com/v1beta1/projects/504286284116/services/pubsub.googleapis.com:generateServiceIdentity [none]
[debug] [2026-08-11T21:36:43.118Z] >>> [apiv2][(partial)header] POST https://serviceusage.googleapis.com/v1beta1/projects/504286284116/services/pubsub.googleapis.com:generateServiceIdentity  x-goog-user-project=504286284116
[debug] [2026-08-11T21:36:43.118Z] >>> [apiv2][body] POST https://serviceusage.googleapis.com/v1beta1/projects/504286284116/services/pubsub.googleapis.com:generateServiceIdentity {}
[debug] [2026-08-11T21:36:43.119Z] >>> [apiv2][query] POST https://serviceusage.googleapis.com/v1beta1/projects/504286284116/services/eventarc.googleapis.com:generateServiceIdentity [none]
[debug] [2026-08-11T21:36:43.119Z] >>> [apiv2][(partial)header] POST https://serviceusage.googleapis.com/v1beta1/projects/504286284116/services/eventarc.googleapis.com:generateServiceIdentity  x-goog-user-project=504286284116
[debug] [2026-08-11T21:36:43.119Z] >>> [apiv2][body] POST https://serviceusage.googleapis.com/v1beta1/projects/504286284116/services/eventarc.googleapis.com:generateServiceIdentity {}
[debug] [2026-08-11T21:36:44.169Z] <<< [apiv2][status] POST https://serviceusage.googleapis.com/v1beta1/projects/504286284116/services/pubsub.googleapis.com:generateServiceIdentity 200
[debug] [2026-08-11T21:36:44.170Z] <<< [apiv2][body] POST https://serviceusage.googleapis.com/v1beta1/projects/504286284116/services/pubsub.googleapis.com:generateServiceIdentity {"name":"operations/finished.DONE_OPERATION","done":true,"response":{"@type":"type.googleapis.com/google.api.serviceusage.v1beta1.ServiceIdentity","email":"service-504286284116@gcp-sa-pubsub.iam.gserviceaccount.com","uniqueId":"117254101839850533867"}}
[debug] [2026-08-11T21:36:44.170Z] <<< [apiv2][status] POST https://serviceusage.googleapis.com/v1beta1/projects/504286284116/services/eventarc.googleapis.com:generateServiceIdentity 200
[debug] [2026-08-11T21:36:44.170Z] <<< [apiv2][body] POST https://serviceusage.googleapis.com/v1beta1/projects/504286284116/services/eventarc.googleapis.com:generateServiceIdentity {"name":"operations/finished.DONE_OPERATION","done":true,"response":{"@type":"type.googleapis.com/google.api.serviceusage.v1beta1.ServiceIdentity","email":"service-504286284116@gcp-sa-eventarc.iam.gserviceaccount.com","uniqueId":"109236046493735256349"}}
[debug] [2026-08-11T21:36:44.173Z] Checked if tokens are valid: true, expires at: 1786485775867
[debug] [2026-08-11T21:36:44.173Z] Checked if tokens are valid: true, expires at: 1786485775867
[debug] [2026-08-11T21:36:44.173Z] >>> [apiv2][query] GET https://cloudresourcemanager.googleapis.com/v1/projects/duoelo-987fd [none]
[debug] [2026-08-11T21:36:44.472Z] <<< [apiv2][status] GET https://cloudresourcemanager.googleapis.com/v1/projects/duoelo-987fd 200
[debug] [2026-08-11T21:36:44.472Z] <<< [apiv2][body] GET https://cloudresourcemanager.googleapis.com/v1/projects/duoelo-987fd {"projectNumber":"504286284116","projectId":"duoelo-987fd","lifecycleState":"ACTIVE","name":"DuoElo","labels":{"firebase":"enabled","firebase-core":"disabled"},"createTime":"2026-07-29T16:24:15.663Z","parent":{"type":"organization","id":"823587890408"}}
[debug] [2026-08-11T21:36:44.473Z] Checked if tokens are valid: true, expires at: 1786485775867
[debug] [2026-08-11T21:36:44.473Z] Checked if tokens are valid: true, expires at: 1786485775867
[debug] [2026-08-11T21:36:44.473Z] >>> [apiv2][query] GET https://compute.googleapis.com/compute/v1/projects/504286284116 [none]
[debug] [2026-08-11T21:36:44.883Z] <<< [apiv2][status] GET https://compute.googleapis.com/compute/v1/projects/504286284116 403
[debug] [2026-08-11T21:36:44.883Z] <<< [apiv2][body] GET https://compute.googleapis.com/compute/v1/projects/504286284116 {"error":{"code":403,"message":"Compute Engine API has not been used in project 504286284116 before or it is disabled. Enable it by visiting https://console.developers.google.com/apis/api/compute.googleapis.com/overview?project=504286284116 then retry. If you enabled this API recently, wait a few minutes for the action to propagate to our systems and retry.","errors":[{"message":"Compute Engine API has not been used in project 504286284116 before or it is disabled. Enable it by visiting https://console.developers.google.com/apis/api/compute.googleapis.com/overview?project=504286284116 then retry. If you enabled this API recently, wait a few minutes for the action to propagate to our systems and retry.","domain":"usageLimits","reason":"accessNotConfigured","extendedHelp":"https://console.developers.google.com"}],"status":"PERMISSION_DENIED","details":[{"@type":"type.googleapis.com/google.rpc.ErrorInfo","reason":"SERVICE_DISABLED","domain":"googleapis.com","metadata":{"activationUrl":"https://console.developers.google.com/apis/api/compute.googleapis.com/overview?project=504286284116","service":"compute.googleapis.com","consumer":"projects/504286284116","serviceTitle":"Compute Engine API","containerInfo":"504286284116"}},{"@type":"type.googleapis.com/google.rpc.LocalizedMessage","locale":"en-US","message":"Compute Engine API has not been used in project 504286284116 before or it is disabled. Enable it by visiting https://console.developers.google.com/apis/api/compute.googleapis.com/overview?project=504286284116 then retry. If you enabled this API recently, wait a few minutes for the action to propagate to our systems and retry."},{"@type":"type.googleapis.com/google.rpc.Help","links":[{"description":"Google developers console API activation","url":"https://console.developers.google.com/apis/api/compute.googleapis.com/overview?project=504286284116"}]}]}}
[debug] [2026-08-11T21:36:44.884Z] unable to look up default compute service account. Falling back to 504286284116-compute@developer.gserviceaccount.com. Error: {"name":"FirebaseError","children":[],"context":{"body":{"error":{"code":403,"message":"Compute Engine API has not been used in project 504286284116 before or it is disabled. Enable it by visiting https://console.developers.google.com/apis/api/compute.googleapis.com/overview?project=504286284116 then retry. If you enabled this API recently, wait a few minutes for the action to propagate to our systems and retry.","errors":[{"message":"Compute Engine API has not been used in project 504286284116 before or it is disabled. Enable it by visiting https://console.developers.google.com/apis/api/compute.googleapis.com/overview?project=504286284116 then retry. If you enabled this API recently, wait a few minutes for the action to propagate to our systems and retry.","domain":"usageLimits","reason":"accessNotConfigured","extendedHelp":"https://console.developers.google.com"}],"status":"PERMISSION_DENIED","details":[{"@type":"type.googleapis.com/google.rpc.ErrorInfo","reason":"SERVICE_DISABLED","domain":"googleapis.com","metadata":{"activationUrl":"https://console.developers.google.com/apis/api/compute.googleapis.com/overview?project=504286284116","service":"compute.googleapis.com","consumer":"projects/504286284116","serviceTitle":"Compute Engine API","containerInfo":"504286284116"}},{"@type":"type.googleapis.com/google.rpc.LocalizedMessage","locale":"en-US","message":"Compute Engine API has not been used in project 504286284116 before or it is disabled. Enable it by visiting https://console.developers.google.com/apis/api/compute.googleapis.com/overview?project=504286284116 then retry. If you enabled this API recently, wait a few minutes for the action to propagate to our systems and retry."},{"@type":"type.googleapis.com/google.rpc.Help","links":[{"description":"Google developers console API activation","url":"https://console.developers.google.com/apis/api/compute.googleapis.com/overview?project=504286284116"}]}]}},"response":{"statusCode":403}},"exit":1,"message":"Request to https://compute.googleapis.com/compute/v1/projects/504286284116 had HTTP Error: 403, Compute Engine API has not been used in project 504286284116 before or it is disabled. Enable it by visiting https://console.developers.google.com/apis/api/compute.googleapis.com/overview?project=504286284116 then retry. If you enabled this API recently, wait a few minutes for the action to propagate to our systems and retry.","status":403}
[debug] [2026-08-11T21:36:44.885Z] Checked if tokens are valid: true, expires at: 1786485775867
[debug] [2026-08-11T21:36:44.885Z] Checked if tokens are valid: true, expires at: 1786485775867
[debug] [2026-08-11T21:36:44.885Z] >>> [apiv2][query] GET https://compute.googleapis.com/compute/v1/projects/504286284116 [none]
[debug] [2026-08-11T21:36:45.091Z] <<< [apiv2][status] GET https://compute.googleapis.com/compute/v1/projects/504286284116 403
[debug] [2026-08-11T21:36:45.091Z] <<< [apiv2][body] GET https://compute.googleapis.com/compute/v1/projects/504286284116 {"error":{"code":403,"message":"Compute Engine API has not been used in project 504286284116 before or it is disabled. Enable it by visiting https://console.developers.google.com/apis/api/compute.googleapis.com/overview?project=504286284116 then retry. If you enabled this API recently, wait a few minutes for the action to propagate to our systems and retry.","errors":[{"message":"Compute Engine API has not been used in project 504286284116 before or it is disabled. Enable it by visiting https://console.developers.google.com/apis/api/compute.googleapis.com/overview?project=504286284116 then retry. If you enabled this API recently, wait a few minutes for the action to propagate to our systems and retry.","domain":"usageLimits","reason":"accessNotConfigured","extendedHelp":"https://console.developers.google.com"}],"status":"PERMISSION_DENIED","details":[{"@type":"type.googleapis.com/google.rpc.ErrorInfo","reason":"SERVICE_DISABLED","domain":"googleapis.com","metadata":{"serviceTitle":"Compute Engine API","consumer":"projects/504286284116","activationUrl":"https://console.developers.google.com/apis/api/compute.googleapis.com/overview?project=504286284116","service":"compute.googleapis.com","containerInfo":"504286284116"}},{"@type":"type.googleapis.com/google.rpc.LocalizedMessage","locale":"en-US","message":"Compute Engine API has not been used in project 504286284116 before or it is disabled. Enable it by visiting https://console.developers.google.com/apis/api/compute.googleapis.com/overview?project=504286284116 then retry. If you enabled this API recently, wait a few minutes for the action to propagate to our systems and retry."},{"@type":"type.googleapis.com/google.rpc.Help","links":[{"description":"Google developers console API activation","url":"https://console.developers.google.com/apis/api/compute.googleapis.com/overview?project=504286284116"}]}]}}
[debug] [2026-08-11T21:36:45.091Z] unable to look up default compute service account. Falling back to 504286284116-compute@developer.gserviceaccount.com. Error: {"name":"FirebaseError","children":[],"context":{"body":{"error":{"code":403,"message":"Compute Engine API has not been used in project 504286284116 before or it is disabled. Enable it by visiting https://console.developers.google.com/apis/api/compute.googleapis.com/overview?project=504286284116 then retry. If you enabled this API recently, wait a few minutes for the action to propagate to our systems and retry.","errors":[{"message":"Compute Engine API has not been used in project 504286284116 before or it is disabled. Enable it by visiting https://console.developers.google.com/apis/api/compute.googleapis.com/overview?project=504286284116 then retry. If you enabled this API recently, wait a few minutes for the action to propagate to our systems and retry.","domain":"usageLimits","reason":"accessNotConfigured","extendedHelp":"https://console.developers.google.com"}],"status":"PERMISSION_DENIED","details":[{"@type":"type.googleapis.com/google.rpc.ErrorInfo","reason":"SERVICE_DISABLED","domain":"googleapis.com","metadata":{"serviceTitle":"Compute Engine API","consumer":"projects/504286284116","activationUrl":"https://console.developers.google.com/apis/api/compute.googleapis.com/overview?project=504286284116","service":"compute.googleapis.com","containerInfo":"504286284116"}},{"@type":"type.googleapis.com/google.rpc.LocalizedMessage","locale":"en-US","message":"Compute Engine API has not been used in project 504286284116 before or it is disabled. Enable it by visiting https://console.developers.google.com/apis/api/compute.googleapis.com/overview?project=504286284116 then retry. If you enabled this API recently, wait a few minutes for the action to propagate to our systems and retry."},{"@type":"type.googleapis.com/google.rpc.Help","links":[{"description":"Google developers console API activation","url":"https://console.developers.google.com/apis/api/compute.googleapis.com/overview?project=504286284116"}]}]}},"response":{"statusCode":403}},"exit":1,"message":"Request to https://compute.googleapis.com/compute/v1/projects/504286284116 had HTTP Error: 403, Compute Engine API has not been used in project 504286284116 before or it is disabled. Enable it by visiting https://console.developers.google.com/apis/api/compute.googleapis.com/overview?project=504286284116 then retry. If you enabled this API recently, wait a few minutes for the action to propagate to our systems and retry.","status":403}
[debug] [2026-08-11T21:36:45.093Z] Checked if tokens are valid: true, expires at: 1786485775867
[debug] [2026-08-11T21:36:45.093Z] Checked if tokens are valid: true, expires at: 1786485775867
[debug] [2026-08-11T21:36:45.094Z] >>> [apiv2][query] GET https://cloudbilling.googleapis.com/v1/projects/duoelo-987fd/billingInfo [none]
[debug] [2026-08-11T21:36:45.094Z] >>> [apiv2][(partial)header] GET https://cloudbilling.googleapis.com/v1/projects/duoelo-987fd/billingInfo  x-goog-user-project=duoelo-987fd
[debug] [2026-08-11T21:36:45.923Z] <<< [apiv2][status] GET https://cloudbilling.googleapis.com/v1/projects/duoelo-987fd/billingInfo 200
[debug] [2026-08-11T21:36:45.924Z] <<< [apiv2][body] GET https://cloudbilling.googleapis.com/v1/projects/duoelo-987fd/billingInfo {"name":"projects/duoelo-987fd/billingInfo","projectId":"duoelo-987fd","billingAccountName":"billingAccounts/01076E-1386A9-4DA3C6","billingEnabled":true}
[debug] [2026-08-11T21:36:45.925Z] [functions] found 1 new HTTP functions, testing setIamPolicy permission...
[debug] [2026-08-11T21:36:45.925Z] Checked if tokens are valid: true, expires at: 1786485775867
[debug] [2026-08-11T21:36:45.925Z] Checked if tokens are valid: true, expires at: 1786485775867
[debug] [2026-08-11T21:36:45.925Z] >>> [apiv2][query] POST https://cloudresourcemanager.googleapis.com/v1/projects/duoelo-987fd:testIamPermissions [none]
[debug] [2026-08-11T21:36:45.925Z] >>> [apiv2][(partial)header] POST https://cloudresourcemanager.googleapis.com/v1/projects/duoelo-987fd:testIamPermissions  x-goog-user-project=duoelo-987fd
[debug] [2026-08-11T21:36:45.926Z] >>> [apiv2][body] POST https://cloudresourcemanager.googleapis.com/v1/projects/duoelo-987fd:testIamPermissions {"permissions":["cloudfunctions.functions.setIamPolicy"]}
[debug] [2026-08-11T21:36:46.119Z] <<< [apiv2][status] POST https://cloudresourcemanager.googleapis.com/v1/projects/duoelo-987fd:testIamPermissions 200
[debug] [2026-08-11T21:36:46.119Z] <<< [apiv2][body] POST https://cloudresourcemanager.googleapis.com/v1/projects/duoelo-987fd:testIamPermissions {"permissions":["cloudfunctions.functions.setIamPolicy"]}
[debug] [2026-08-11T21:36:46.120Z] [functions] found setIamPolicy permission, proceeding with deploy
[debug] [2026-08-11T21:36:46.121Z] Checked if tokens are valid: true, expires at: 1786485775867
[debug] [2026-08-11T21:36:46.121Z] Checked if tokens are valid: true, expires at: 1786485775867
[debug] [2026-08-11T21:36:46.121Z] >>> [apiv2][query] POST https://cloudfunctions.googleapis.com/v2/projects/duoelo-987fd/locations/europe-west1/functions:generateUploadUrl [none]
[debug] [2026-08-11T21:36:46.408Z] <<< [apiv2][status] POST https://cloudfunctions.googleapis.com/v2/projects/duoelo-987fd/locations/europe-west1/functions:generateUploadUrl 200
[debug] [2026-08-11T21:36:46.409Z] <<< [apiv2][body] POST https://cloudfunctions.googleapis.com/v2/projects/duoelo-987fd/locations/europe-west1/functions:generateUploadUrl {"uploadUrl":"https://storage.googleapis.com/gcf-v2-uploads-504286284116.europe-west1.cloudfunctions.appspot.com/b88df849-5a0e-4ec1-adcc-2f3b2fc554fe.zip?GoogleAccessId=service-504286284116@gcf-admin-robot.iam.gserviceaccount.com&Expires=1786486006&Signature=j5L3NiHZUlWt4ZBByv3t8i9Rx7xhmfoWpeiYKO9l9tnd6lQVj8ZeAmWBljkXmnIWFVsc%2BDwyzCKimtiOqcS0rXuWLMz18Fg1D%2BxJw3FNxgohpRP8P4W%2Flbi998Ah5v1k2mcU4g9%2B8ulYJOuOdpHjq1MaAJOBaTsUJ8EJBjb%2F%2Bhe4dvZPwTAIuAtfTEpWPaZzReY%2FLShqMpR%2Bgtquj2x11ZrTOs1kqTk4rxhBxNoOnelO97rfiAnE1kh3APCE4e0kM%2BZ%2BLVFRxU2JhhEQUw9hOs39jmJipDHTg2lb3kQfLl%2FUcf4KDym6Juef5Wz7ShbVtQvoEIXO80OkAf2eovBSUw%3D%3D","storageSource":{"bucket":"gcf-v2-uploads-504286284116.europe-west1.cloudfunctions.appspot.com","object":"b88df849-5a0e-4ec1-adcc-2f3b2fc554fe.zip"}}
[debug] [2026-08-11T21:36:46.410Z] >>> [apiv2][query] PUT https://storage.googleapis.com/gcf-v2-uploads-504286284116.europe-west1.cloudfunctions.appspot.com/b88df849-5a0e-4ec1-adcc-2f3b2fc554fe.zip GoogleAccessId=service-504286284116%40gcf-admin-robot.iam.gserviceaccount.com&Expires=1786486006&Signature=j5L3NiHZUlWt4ZBByv3t8i9Rx7xhmfoWpeiYKO9l9tnd6lQVj8ZeAmWBljkXmnIWFVsc%2BDwyzCKimtiOqcS0rXuWLMz18Fg1D%2BxJw3FNxgohpRP8P4W%2Flbi998Ah5v1k2mcU4g9%2B8ulYJOuOdpHjq1MaAJOBaTsUJ8EJBjb%2F%2Bhe4dvZPwTAIuAtfTEpWPaZzReY%2FLShqMpR%2Bgtquj2x11ZrTOs1kqTk4rxhBxNoOnelO97rfiAnE1kh3APCE4e0kM%2BZ%2BLVFRxU2JhhEQUw9hOs39jmJipDHTg2lb3kQfLl%2FUcf4KDym6Juef5Wz7ShbVtQvoEIXO80OkAf2eovBSUw%3D%3D
[debug] [2026-08-11T21:36:46.411Z] >>> [apiv2][body] PUT https://storage.googleapis.com/gcf-v2-uploads-504286284116.europe-west1.cloudfunctions.appspot.com/b88df849-5a0e-4ec1-adcc-2f3b2fc554fe.zip [stream]
[debug] [2026-08-11T21:36:46.853Z] <<< [apiv2][status] PUT https://storage.googleapis.com/gcf-v2-uploads-504286284116.europe-west1.cloudfunctions.appspot.com/b88df849-5a0e-4ec1-adcc-2f3b2fc554fe.zip 200
[debug] [2026-08-11T21:36:46.854Z] <<< [apiv2][body] PUT https://storage.googleapis.com/gcf-v2-uploads-504286284116.europe-west1.cloudfunctions.appspot.com/b88df849-5a0e-4ec1-adcc-2f3b2fc554fe.zip [omitted]
[info] ✔  functions: functions source uploaded successfully 
[info] i  functions: creating Node.js 24 (2nd Gen) function revenueCatWebhook(europe-west1)... 
[info] i  functions: updating Node.js 24 (2nd Gen) function processMatch(europe-west1)... 
[debug] [2026-08-11T21:36:46.863Z] Checked if tokens are valid: true, expires at: 1786485775867
[debug] [2026-08-11T21:36:46.863Z] Checked if tokens are valid: true, expires at: 1786485775867
[debug] [2026-08-11T21:36:46.863Z] >>> [apiv2][query] POST https://cloudfunctions.googleapis.com/v2/projects/duoelo-987fd/locations/europe-west1/functions functionId=revenueCatWebhook
[debug] [2026-08-11T21:36:46.863Z] >>> [apiv2][body] POST https://cloudfunctions.googleapis.com/v2/projects/duoelo-987fd/locations/europe-west1/functions {"name":"projects/duoelo-987fd/locations/europe-west1/functions/revenueCatWebhook","buildConfig":{"runtime":"nodejs24","entryPoint":"revenueCatWebhook","source":{"storageSource":{"bucket":"gcf-v2-uploads-504286284116.europe-west1.cloudfunctions.appspot.com","object":"b88df849-5a0e-4ec1-adcc-2f3b2fc554fe.zip"}},"environmentVariables":{"GOOGLE_NODE_RUN_SCRIPTS":""}},"serviceConfig":{"environmentVariables":{"FIREBASE_CONFIG":"{\"projectId\":\"duoelo-987fd\",\"storageBucket\":\"duoelo-987fd.firebasestorage.app\"}","GCLOUD_PROJECT":"duoelo-987fd","EVENTARC_CLOUD_EVENT_SOURCE":"projects/duoelo-987fd/locations/europe-west1/services/revenueCatWebhook","FUNCTION_REGION":"europe-west1","FUNCTION_TARGET":"revenueCatWebhook","LOG_EXECUTION_ID":"true"},"ingressSettings":null,"timeoutSeconds":null,"serviceAccountEmail":null,"availableMemory":"256Mi","minInstanceCount":null,"maxInstanceCount":null,"maxInstanceRequestConcurrency":80,"availableCpu":"1","vpcConnector":null,"vpcConnectorEgressSettings":null,"directVpcNetworkInterface":null,"directVpcEgress":null},"labels":{"deployment-tool":"cli-firebase","firebase-functions-hash":"56a3ed4ed98a7b7ef9b1bdf89f19909edb74522f"}}
[debug] [2026-08-11T21:36:47.855Z] <<< [apiv2][status] POST https://cloudfunctions.googleapis.com/v2/projects/duoelo-987fd/locations/europe-west1/functions 200
[debug] [2026-08-11T21:36:47.856Z] <<< [apiv2][body] POST https://cloudfunctions.googleapis.com/v2/projects/duoelo-987fd/locations/europe-west1/functions {"name":"projects/duoelo-987fd/locations/europe-west1/operations/operation-1786484207120-658cc448ff1eb-1a143ea7-eb98343b","metadata":{"@type":"type.googleapis.com/google.cloud.functions.v2.OperationMetadata","createTime":"2026-08-11T21:36:47.970702185Z","target":"projects/duoelo-987fd/locations/europe-west1/functions/revenueCatWebhook","verb":"create","cancelRequested":false,"apiVersion":"v2"},"done":false}
[debug] [2026-08-11T21:36:47.857Z] Checked if tokens are valid: true, expires at: 1786485775867
[debug] [2026-08-11T21:36:47.857Z] Checked if tokens are valid: true, expires at: 1786485775867
[debug] [2026-08-11T21:36:47.857Z] >>> [apiv2][query] GET https://cloudfunctions.googleapis.com/v2/projects/duoelo-987fd/locations/europe-west1/operations/operation-1786484207120-658cc448ff1eb-1a143ea7-eb98343b [none]
[debug] [2026-08-11T21:36:47.960Z] <<< [apiv2][status] GET https://cloudfunctions.googleapis.com/v2/projects/duoelo-987fd/locations/europe-west1/operations/operation-1786484207120-658cc448ff1eb-1a143ea7-eb98343b 200
[debug] [2026-08-11T21:36:47.960Z] <<< [apiv2][body] GET https://cloudfunctions.googleapis.com/v2/projects/duoelo-987fd/locations/europe-west1/operations/operation-1786484207120-658cc448ff1eb-1a143ea7-eb98343b {"name":"projects/duoelo-987fd/locations/europe-west1/operations/operation-1786484207120-658cc448ff1eb-1a143ea7-eb98343b","metadata":{"@type":"type.googleapis.com/google.cloud.functions.v2.OperationMetadata","createTime":"2026-08-11T21:36:47.970702185Z","target":"projects/duoelo-987fd/locations/europe-west1/functions/revenueCatWebhook","verb":"create","cancelRequested":false,"apiVersion":"v2"},"done":false}
[debug] [2026-08-11T21:36:48.461Z] [create-default-europe-west1-revenueCatWebhook] Retrying task index 0
[debug] [2026-08-11T21:36:48.462Z] Checked if tokens are valid: true, expires at: 1786485775867
[debug] [2026-08-11T21:36:48.462Z] Checked if tokens are valid: true, expires at: 1786485775867
[debug] [2026-08-11T21:36:48.462Z] >>> [apiv2][query] GET https://cloudfunctions.googleapis.com/v2/projects/duoelo-987fd/locations/europe-west1/operations/operation-1786484207120-658cc448ff1eb-1a143ea7-eb98343b [none]
[debug] [2026-08-11T21:36:48.595Z] <<< [apiv2][status] GET https://cloudfunctions.googleapis.com/v2/projects/duoelo-987fd/locations/europe-west1/operations/operation-1786484207120-658cc448ff1eb-1a143ea7-eb98343b 200
[debug] [2026-08-11T21:36:48.596Z] <<< [apiv2][body] GET https://cloudfunctions.googleapis.com/v2/projects/duoelo-987fd/locations/europe-west1/operations/operation-1786484207120-658cc448ff1eb-1a143ea7-eb98343b {"name":"projects/duoelo-987fd/locations/europe-west1/operations/operation-1786484207120-658cc448ff1eb-1a143ea7-eb98343b","metadata":{"@type":"type.googleapis.com/google.cloud.functions.v2.OperationMetadata","createTime":"2026-08-11T21:36:47.970702185Z","target":"projects/duoelo-987fd/locations/europe-west1/functions/revenueCatWebhook","verb":"create","cancelRequested":false,"apiVersion":"v2","requestResource":{"@type":"type.googleapis.com/google.cloud.functions.v2.Function","name":"projects/duoelo-987fd/locations/europe-west1/functions/revenueCatWebhook","buildConfig":{"runtime":"nodejs24","entryPoint":"revenueCatWebhook","source":{"storageSource":{"bucket":"gcf-v2-sources-504286284116-europe-west1","object":"revenueCatWebhook/function-source.zip","generation":"1786484207484572"}},"environmentVariables":{"GOOGLE_NODE_RUN_SCRIPTS":""},"serviceAccount":"projects/duoelo-987fd/serviceAccounts/504286284116-compute@developer.gserviceaccount.com","automaticUpdatePolicy":{}},"serviceConfig":{"service":"projects/duoelo-987fd/locations/europe-west1/services/revenuecatwebhook","timeoutSeconds":60,"environmentVariables":{"FIREBASE_CONFIG":"{\"projectId\":\"duoelo-987fd\",\"storageBucket\":\"duoelo-987fd.firebasestorage.app\"}","GCLOUD_PROJECT":"duoelo-987fd","EVENTARC_CLOUD_EVENT_SOURCE":"projects/duoelo-987fd/locations/europe-west1/services/revenueCatWebhook","FUNCTION_REGION":"europe-west1","FUNCTION_TARGET":"revenueCatWebhook","LOG_EXECUTION_ID":"true"},"ingressSettings":"ALLOW_ALL","serviceAccountEmail":"504286284116-compute@developer.gserviceaccount.com","availableMemory":"256Mi","maxInstanceRequestConcurrency":80,"availableCpu":"1"},"labels":{"deployment-tool":"cli-firebase","firebase-functions-hash":"56a3ed4ed98a7b7ef9b1bdf89f19909edb74522f"},"environment":"GEN_2"},"stages":[{"name":"BUILD","state":"NOT_STARTED"},{"name":"SERVICE","state":"NOT_STARTED"}],"operationType":"CREATE_FUNCTION"},"done":false}
[debug] [2026-08-11T21:36:49.597Z] [create-default-europe-west1-revenueCatWebhook] Retrying task index 0
[debug] [2026-08-11T21:36:49.598Z] Checked if tokens are valid: true, expires at: 1786485775867
[debug] [2026-08-11T21:36:49.598Z] Checked if tokens are valid: true, expires at: 1786485775867
[debug] [2026-08-11T21:36:49.598Z] >>> [apiv2][query] GET https://cloudfunctions.googleapis.com/v2/projects/duoelo-987fd/locations/europe-west1/operations/operation-1786484207120-658cc448ff1eb-1a143ea7-eb98343b [none]
[debug] [2026-08-11T21:36:49.774Z] <<< [apiv2][status] GET https://cloudfunctions.googleapis.com/v2/projects/duoelo-987fd/locations/europe-west1/operations/operation-1786484207120-658cc448ff1eb-1a143ea7-eb98343b 200
[debug] [2026-08-11T21:36:49.774Z] <<< [apiv2][body] GET https://cloudfunctions.googleapis.com/v2/projects/duoelo-987fd/locations/europe-west1/operations/operation-1786484207120-658cc448ff1eb-1a143ea7-eb98343b {"name":"projects/duoelo-987fd/locations/europe-west1/operations/operation-1786484207120-658cc448ff1eb-1a143ea7-eb98343b","metadata":{"@type":"type.googleapis.com/google.cloud.functions.v2.OperationMetadata","createTime":"2026-08-11T21:36:47.970702185Z","target":"projects/duoelo-987fd/locations/europe-west1/functions/revenueCatWebhook","verb":"create","cancelRequested":false,"apiVersion":"v2","requestResource":{"@type":"type.googleapis.com/google.cloud.functions.v2.Function","name":"projects/duoelo-987fd/locations/europe-west1/functions/revenueCatWebhook","buildConfig":{"runtime":"nodejs24","entryPoint":"revenueCatWebhook","source":{"storageSource":{"bucket":"gcf-v2-sources-504286284116-europe-west1","object":"revenueCatWebhook/function-source.zip","generation":"1786484207484572"}},"environmentVariables":{"GOOGLE_NODE_RUN_SCRIPTS":""},"serviceAccount":"projects/duoelo-987fd/serviceAccounts/504286284116-compute@developer.gserviceaccount.com","automaticUpdatePolicy":{}},"serviceConfig":{"service":"projects/duoelo-987fd/locations/europe-west1/services/revenuecatwebhook","timeoutSeconds":60,"environmentVariables":{"FIREBASE_CONFIG":"{\"projectId\":\"duoelo-987fd\",\"storageBucket\":\"duoelo-987fd.firebasestorage.app\"}","GCLOUD_PROJECT":"duoelo-987fd","EVENTARC_CLOUD_EVENT_SOURCE":"projects/duoelo-987fd/locations/europe-west1/services/revenueCatWebhook","FUNCTION_REGION":"europe-west1","FUNCTION_TARGET":"revenueCatWebhook","LOG_EXECUTION_ID":"true"},"ingressSettings":"ALLOW_ALL","serviceAccountEmail":"504286284116-compute@developer.gserviceaccount.com","availableMemory":"256Mi","maxInstanceRequestConcurrency":80,"availableCpu":"1"},"labels":{"deployment-tool":"cli-firebase","firebase-functions-hash":"56a3ed4ed98a7b7ef9b1bdf89f19909edb74522f"},"environment":"GEN_2"},"stages":[{"name":"BUILD","message":"Build in progress","state":"IN_PROGRESS","resource":"projects/504286284116/locations/europe-west1/builds/c166051b-df49-4f13-928c-2b786ba5024f","resourceUri":"https://console.cloud.google.com/cloud-build/builds;region=europe-west1/c166051b-df49-4f13-928c-2b786ba5024f?project=504286284116"},{"name":"SERVICE","state":"NOT_STARTED"}],"operationType":"CREATE_FUNCTION","buildName":"projects/504286284116/locations/europe-west1/builds/c166051b-df49-4f13-928c-2b786ba5024f"},"done":false}
[debug] [2026-08-11T21:36:51.775Z] [create-default-europe-west1-revenueCatWebhook] Retrying task index 0
[debug] [2026-08-11T21:36:51.776Z] Checked if tokens are valid: true, expires at: 1786485775867
[debug] [2026-08-11T21:36:51.776Z] Checked if tokens are valid: true, expires at: 1786485775867
[debug] [2026-08-11T21:36:51.776Z] >>> [apiv2][query] GET https://cloudfunctions.googleapis.com/v2/projects/duoelo-987fd/locations/europe-west1/operations/operation-1786484207120-658cc448ff1eb-1a143ea7-eb98343b [none]
[debug] [2026-08-11T21:36:51.956Z] <<< [apiv2][status] GET https://cloudfunctions.googleapis.com/v2/projects/duoelo-987fd/locations/europe-west1/operations/operation-1786484207120-658cc448ff1eb-1a143ea7-eb98343b 200
[debug] [2026-08-11T21:36:51.956Z] <<< [apiv2][body] GET https://cloudfunctions.googleapis.com/v2/projects/duoelo-987fd/locations/europe-west1/operations/operation-1786484207120-658cc448ff1eb-1a143ea7-eb98343b {"name":"projects/duoelo-987fd/locations/europe-west1/operations/operation-1786484207120-658cc448ff1eb-1a143ea7-eb98343b","metadata":{"@type":"type.googleapis.com/google.cloud.functions.v2.OperationMetadata","createTime":"2026-08-11T21:36:47.970702185Z","target":"projects/duoelo-987fd/locations/europe-west1/functions/revenueCatWebhook","verb":"create","cancelRequested":false,"apiVersion":"v2","requestResource":{"@type":"type.googleapis.com/google.cloud.functions.v2.Function","name":"projects/duoelo-987fd/locations/europe-west1/functions/revenueCatWebhook","buildConfig":{"runtime":"nodejs24","entryPoint":"revenueCatWebhook","source":{"storageSource":{"bucket":"gcf-v2-sources-504286284116-europe-west1","object":"revenueCatWebhook/function-source.zip","generation":"1786484207484572"}},"environmentVariables":{"GOOGLE_NODE_RUN_SCRIPTS":""},"serviceAccount":"projects/duoelo-987fd/serviceAccounts/504286284116-compute@developer.gserviceaccount.com","automaticUpdatePolicy":{}},"serviceConfig":{"service":"projects/duoelo-987fd/locations/europe-west1/services/revenuecatwebhook","timeoutSeconds":60,"environmentVariables":{"FIREBASE_CONFIG":"{\"projectId\":\"duoelo-987fd\",\"storageBucket\":\"duoelo-987fd.firebasestorage.app\"}","GCLOUD_PROJECT":"duoelo-987fd","EVENTARC_CLOUD_EVENT_SOURCE":"projects/duoelo-987fd/locations/europe-west1/services/revenueCatWebhook","FUNCTION_REGION":"europe-west1","FUNCTION_TARGET":"revenueCatWebhook","LOG_EXECUTION_ID":"true"},"ingressSettings":"ALLOW_ALL","serviceAccountEmail":"504286284116-compute@developer.gserviceaccount.com","availableMemory":"256Mi","maxInstanceRequestConcurrency":80,"availableCpu":"1"},"labels":{"deployment-tool":"cli-firebase","firebase-functions-hash":"56a3ed4ed98a7b7ef9b1bdf89f19909edb74522f"},"environment":"GEN_2"},"stages":[{"name":"BUILD","message":"Build in progress","state":"IN_PROGRESS","resource":"projects/504286284116/locations/europe-west1/builds/c166051b-df49-4f13-928c-2b786ba5024f","resourceUri":"https://console.cloud.google.com/cloud-build/builds;region=europe-west1/c166051b-df49-4f13-928c-2b786ba5024f?project=504286284116"},{"name":"SERVICE","state":"NOT_STARTED"}],"operationType":"CREATE_FUNCTION","buildName":"projects/504286284116/locations/europe-west1/builds/c166051b-df49-4f13-928c-2b786ba5024f"},"done":false}
[debug] [2026-08-11T21:36:55.956Z] [create-default-europe-west1-revenueCatWebhook] Retrying task index 0
[debug] [2026-08-11T21:36:55.956Z] Checked if tokens are valid: true, expires at: 1786485775867
[debug] [2026-08-11T21:36:55.956Z] Checked if tokens are valid: true, expires at: 1786485775867
[debug] [2026-08-11T21:36:55.957Z] >>> [apiv2][query] GET https://cloudfunctions.googleapis.com/v2/projects/duoelo-987fd/locations/europe-west1/operations/operation-1786484207120-658cc448ff1eb-1a143ea7-eb98343b [none]
[debug] [2026-08-11T21:36:56.345Z] <<< [apiv2][status] GET https://cloudfunctions.googleapis.com/v2/projects/duoelo-987fd/locations/europe-west1/operations/operation-1786484207120-658cc448ff1eb-1a143ea7-eb98343b 200
[debug] [2026-08-11T21:36:56.345Z] <<< [apiv2][body] GET https://cloudfunctions.googleapis.com/v2/projects/duoelo-987fd/locations/europe-west1/operations/operation-1786484207120-658cc448ff1eb-1a143ea7-eb98343b {"name":"projects/duoelo-987fd/locations/europe-west1/operations/operation-1786484207120-658cc448ff1eb-1a143ea7-eb98343b","metadata":{"@type":"type.googleapis.com/google.cloud.functions.v2.OperationMetadata","createTime":"2026-08-11T21:36:47.970702185Z","target":"projects/duoelo-987fd/locations/europe-west1/functions/revenueCatWebhook","verb":"create","cancelRequested":false,"apiVersion":"v2","requestResource":{"@type":"type.googleapis.com/google.cloud.functions.v2.Function","name":"projects/duoelo-987fd/locations/europe-west1/functions/revenueCatWebhook","buildConfig":{"runtime":"nodejs24","entryPoint":"revenueCatWebhook","source":{"storageSource":{"bucket":"gcf-v2-sources-504286284116-europe-west1","object":"revenueCatWebhook/function-source.zip","generation":"1786484207484572"}},"environmentVariables":{"GOOGLE_NODE_RUN_SCRIPTS":""},"serviceAccount":"projects/duoelo-987fd/serviceAccounts/504286284116-compute@developer.gserviceaccount.com","automaticUpdatePolicy":{}},"serviceConfig":{"service":"projects/duoelo-987fd/locations/europe-west1/services/revenuecatwebhook","timeoutSeconds":60,"environmentVariables":{"FIREBASE_CONFIG":"{\"projectId\":\"duoelo-987fd\",\"storageBucket\":\"duoelo-987fd.firebasestorage.app\"}","GCLOUD_PROJECT":"duoelo-987fd","EVENTARC_CLOUD_EVENT_SOURCE":"projects/duoelo-987fd/locations/europe-west1/services/revenueCatWebhook","FUNCTION_REGION":"europe-west1","FUNCTION_TARGET":"revenueCatWebhook","LOG_EXECUTION_ID":"true"},"ingressSettings":"ALLOW_ALL","serviceAccountEmail":"504286284116-compute@developer.gserviceaccount.com","availableMemory":"256Mi","maxInstanceRequestConcurrency":80,"availableCpu":"1"},"labels":{"deployment-tool":"cli-firebase","firebase-functions-hash":"56a3ed4ed98a7b7ef9b1bdf89f19909edb74522f"},"environment":"GEN_2"},"stages":[{"name":"BUILD","message":"Build in progress","state":"IN_PROGRESS","resource":"projects/504286284116/locations/europe-west1/builds/c166051b-df49-4f13-928c-2b786ba5024f","resourceUri":"https://console.cloud.google.com/cloud-build/builds;region=europe-west1/c166051b-df49-4f13-928c-2b786ba5024f?project=504286284116"},{"name":"SERVICE","state":"NOT_STARTED"}],"operationType":"CREATE_FUNCTION","buildName":"projects/504286284116/locations/europe-west1/builds/c166051b-df49-4f13-928c-2b786ba5024f"},"done":false}
[debug] [2026-08-11T21:37:04.347Z] [create-default-europe-west1-revenueCatWebhook] Retrying task index 0
[debug] [2026-08-11T21:37:04.347Z] Checked if tokens are valid: true, expires at: 1786485775867
[debug] [2026-08-11T21:37:04.347Z] Checked if tokens are valid: true, expires at: 1786485775867
[debug] [2026-08-11T21:37:04.348Z] >>> [apiv2][query] GET https://cloudfunctions.googleapis.com/v2/projects/duoelo-987fd/locations/europe-west1/operations/operation-1786484207120-658cc448ff1eb-1a143ea7-eb98343b [none]
[debug] [2026-08-11T21:37:04.644Z] <<< [apiv2][status] GET https://cloudfunctions.googleapis.com/v2/projects/duoelo-987fd/locations/europe-west1/operations/operation-1786484207120-658cc448ff1eb-1a143ea7-eb98343b 200
[debug] [2026-08-11T21:37:04.644Z] <<< [apiv2][body] GET https://cloudfunctions.googleapis.com/v2/projects/duoelo-987fd/locations/europe-west1/operations/operation-1786484207120-658cc448ff1eb-1a143ea7-eb98343b {"name":"projects/duoelo-987fd/locations/europe-west1/operations/operation-1786484207120-658cc448ff1eb-1a143ea7-eb98343b","metadata":{"@type":"type.googleapis.com/google.cloud.functions.v2.OperationMetadata","createTime":"2026-08-11T21:36:47.970702185Z","target":"projects/duoelo-987fd/locations/europe-west1/functions/revenueCatWebhook","verb":"create","cancelRequested":false,"apiVersion":"v2","requestResource":{"@type":"type.googleapis.com/google.cloud.functions.v2.Function","name":"projects/duoelo-987fd/locations/europe-west1/functions/revenueCatWebhook","buildConfig":{"runtime":"nodejs24","entryPoint":"revenueCatWebhook","source":{"storageSource":{"bucket":"gcf-v2-sources-504286284116-europe-west1","object":"revenueCatWebhook/function-source.zip","generation":"1786484207484572"}},"environmentVariables":{"GOOGLE_NODE_RUN_SCRIPTS":""},"serviceAccount":"projects/duoelo-987fd/serviceAccounts/504286284116-compute@developer.gserviceaccount.com","automaticUpdatePolicy":{}},"serviceConfig":{"service":"projects/duoelo-987fd/locations/europe-west1/services/revenuecatwebhook","timeoutSeconds":60,"environmentVariables":{"FIREBASE_CONFIG":"{\"projectId\":\"duoelo-987fd\",\"storageBucket\":\"duoelo-987fd.firebasestorage.app\"}","GCLOUD_PROJECT":"duoelo-987fd","EVENTARC_CLOUD_EVENT_SOURCE":"projects/duoelo-987fd/locations/europe-west1/services/revenueCatWebhook","FUNCTION_REGION":"europe-west1","FUNCTION_TARGET":"revenueCatWebhook","LOG_EXECUTION_ID":"true"},"ingressSettings":"ALLOW_ALL","serviceAccountEmail":"504286284116-compute@developer.gserviceaccount.com","availableMemory":"256Mi","maxInstanceRequestConcurrency":80,"availableCpu":"1"},"labels":{"deployment-tool":"cli-firebase","firebase-functions-hash":"56a3ed4ed98a7b7ef9b1bdf89f19909edb74522f"},"environment":"GEN_2"},"stages":[{"name":"BUILD","message":"Build in progress","state":"IN_PROGRESS","resource":"projects/504286284116/locations/europe-west1/builds/c166051b-df49-4f13-928c-2b786ba5024f","resourceUri":"https://console.cloud.google.com/cloud-build/builds;region=europe-west1/c166051b-df49-4f13-928c-2b786ba5024f?project=504286284116"},{"name":"SERVICE","state":"NOT_STARTED"}],"operationType":"CREATE_FUNCTION","buildName":"projects/504286284116/locations/europe-west1/builds/c166051b-df49-4f13-928c-2b786ba5024f"},"done":false}
[debug] [2026-08-11T21:37:14.644Z] [create-default-europe-west1-revenueCatWebhook] Retrying task index 0
[debug] [2026-08-11T21:37:14.644Z] Checked if tokens are valid: true, expires at: 1786485775867
[debug] [2026-08-11T21:37:14.645Z] Checked if tokens are valid: true, expires at: 1786485775867
[debug] [2026-08-11T21:37:14.645Z] >>> [apiv2][query] GET https://cloudfunctions.googleapis.com/v2/projects/duoelo-987fd/locations/europe-west1/operations/operation-1786484207120-658cc448ff1eb-1a143ea7-eb98343b [none]
[debug] [2026-08-11T21:37:14.840Z] <<< [apiv2][status] GET https://cloudfunctions.googleapis.com/v2/projects/duoelo-987fd/locations/europe-west1/operations/operation-1786484207120-658cc448ff1eb-1a143ea7-eb98343b 200
[debug] [2026-08-11T21:37:14.840Z] <<< [apiv2][body] GET https://cloudfunctions.googleapis.com/v2/projects/duoelo-987fd/locations/europe-west1/operations/operation-1786484207120-658cc448ff1eb-1a143ea7-eb98343b {"name":"projects/duoelo-987fd/locations/europe-west1/operations/operation-1786484207120-658cc448ff1eb-1a143ea7-eb98343b","metadata":{"@type":"type.googleapis.com/google.cloud.functions.v2.OperationMetadata","createTime":"2026-08-11T21:36:47.970702185Z","target":"projects/duoelo-987fd/locations/europe-west1/functions/revenueCatWebhook","verb":"create","cancelRequested":false,"apiVersion":"v2","requestResource":{"@type":"type.googleapis.com/google.cloud.functions.v2.Function","name":"projects/duoelo-987fd/locations/europe-west1/functions/revenueCatWebhook","buildConfig":{"runtime":"nodejs24","entryPoint":"revenueCatWebhook","source":{"storageSource":{"bucket":"gcf-v2-sources-504286284116-europe-west1","object":"revenueCatWebhook/function-source.zip","generation":"1786484207484572"}},"environmentVariables":{"GOOGLE_NODE_RUN_SCRIPTS":""},"serviceAccount":"projects/duoelo-987fd/serviceAccounts/504286284116-compute@developer.gserviceaccount.com","automaticUpdatePolicy":{}},"serviceConfig":{"service":"projects/duoelo-987fd/locations/europe-west1/services/revenuecatwebhook","timeoutSeconds":60,"environmentVariables":{"FIREBASE_CONFIG":"{\"projectId\":\"duoelo-987fd\",\"storageBucket\":\"duoelo-987fd.firebasestorage.app\"}","GCLOUD_PROJECT":"duoelo-987fd","EVENTARC_CLOUD_EVENT_SOURCE":"projects/duoelo-987fd/locations/europe-west1/services/revenueCatWebhook","FUNCTION_REGION":"europe-west1","FUNCTION_TARGET":"revenueCatWebhook","LOG_EXECUTION_ID":"true"},"ingressSettings":"ALLOW_ALL","serviceAccountEmail":"504286284116-compute@developer.gserviceaccount.com","availableMemory":"256Mi","maxInstanceRequestConcurrency":80,"availableCpu":"1"},"labels":{"deployment-tool":"cli-firebase","firebase-functions-hash":"56a3ed4ed98a7b7ef9b1bdf89f19909edb74522f"},"environment":"GEN_2"},"stages":[{"name":"BUILD","message":"Build in progress","state":"IN_PROGRESS","resource":"projects/504286284116/locations/europe-west1/builds/c166051b-df49-4f13-928c-2b786ba5024f","resourceUri":"https://console.cloud.google.com/cloud-build/builds;region=europe-west1/c166051b-df49-4f13-928c-2b786ba5024f?project=504286284116"},{"name":"SERVICE","state":"NOT_STARTED"}],"operationType":"CREATE_FUNCTION","buildName":"projects/504286284116/locations/europe-west1/builds/c166051b-df49-4f13-928c-2b786ba5024f"},"done":false}
[debug] [2026-08-11T21:37:24.841Z] [create-default-europe-west1-revenueCatWebhook] Retrying task index 0
[debug] [2026-08-11T21:37:24.841Z] Checked if tokens are valid: true, expires at: 1786485775867
[debug] [2026-08-11T21:37:24.842Z] Checked if tokens are valid: true, expires at: 1786485775867
[debug] [2026-08-11T21:37:24.842Z] >>> [apiv2][query] GET https://cloudfunctions.googleapis.com/v2/projects/duoelo-987fd/locations/europe-west1/operations/operation-1786484207120-658cc448ff1eb-1a143ea7-eb98343b [none]
[debug] [2026-08-11T21:37:25.070Z] <<< [apiv2][status] GET https://cloudfunctions.googleapis.com/v2/projects/duoelo-987fd/locations/europe-west1/operations/operation-1786484207120-658cc448ff1eb-1a143ea7-eb98343b 200
[debug] [2026-08-11T21:37:25.070Z] <<< [apiv2][body] GET https://cloudfunctions.googleapis.com/v2/projects/duoelo-987fd/locations/europe-west1/operations/operation-1786484207120-658cc448ff1eb-1a143ea7-eb98343b {"name":"projects/duoelo-987fd/locations/europe-west1/operations/operation-1786484207120-658cc448ff1eb-1a143ea7-eb98343b","metadata":{"@type":"type.googleapis.com/google.cloud.functions.v2.OperationMetadata","createTime":"2026-08-11T21:36:47.970702185Z","target":"projects/duoelo-987fd/locations/europe-west1/functions/revenueCatWebhook","verb":"create","cancelRequested":false,"apiVersion":"v2","requestResource":{"@type":"type.googleapis.com/google.cloud.functions.v2.Function","name":"projects/duoelo-987fd/locations/europe-west1/functions/revenueCatWebhook","buildConfig":{"runtime":"nodejs24","entryPoint":"revenueCatWebhook","source":{"storageSource":{"bucket":"gcf-v2-sources-504286284116-europe-west1","object":"revenueCatWebhook/function-source.zip","generation":"1786484207484572"}},"environmentVariables":{"GOOGLE_NODE_RUN_SCRIPTS":""},"serviceAccount":"projects/duoelo-987fd/serviceAccounts/504286284116-compute@developer.gserviceaccount.com","automaticUpdatePolicy":{}},"serviceConfig":{"service":"projects/duoelo-987fd/locations/europe-west1/services/revenuecatwebhook","timeoutSeconds":60,"environmentVariables":{"FIREBASE_CONFIG":"{\"projectId\":\"duoelo-987fd\",\"storageBucket\":\"duoelo-987fd.firebasestorage.app\"}","GCLOUD_PROJECT":"duoelo-987fd","EVENTARC_CLOUD_EVENT_SOURCE":"projects/duoelo-987fd/locations/europe-west1/services/revenueCatWebhook","FUNCTION_REGION":"europe-west1","FUNCTION_TARGET":"revenueCatWebhook","LOG_EXECUTION_ID":"true"},"ingressSettings":"ALLOW_ALL","serviceAccountEmail":"504286284116-compute@developer.gserviceaccount.com","availableMemory":"256Mi","maxInstanceRequestConcurrency":80,"availableCpu":"1"},"labels":{"deployment-tool":"cli-firebase","firebase-functions-hash":"56a3ed4ed98a7b7ef9b1bdf89f19909edb74522f"},"environment":"GEN_2"},"stages":[{"name":"BUILD","message":"Build in progress","state":"IN_PROGRESS","resource":"projects/504286284116/locations/europe-west1/builds/c166051b-df49-4f13-928c-2b786ba5024f","resourceUri":"https://console.cloud.google.com/cloud-build/builds;region=europe-west1/c166051b-df49-4f13-928c-2b786ba5024f?project=504286284116"},{"name":"SERVICE","state":"NOT_STARTED"}],"operationType":"CREATE_FUNCTION","buildName":"projects/504286284116/locations/europe-west1/builds/c166051b-df49-4f13-928c-2b786ba5024f"},"done":false}
[debug] [2026-08-11T21:37:35.072Z] [create-default-europe-west1-revenueCatWebhook] Retrying task index 0
[debug] [2026-08-11T21:37:35.072Z] Checked if tokens are valid: true, expires at: 1786485775867
[debug] [2026-08-11T21:37:35.072Z] Checked if tokens are valid: true, expires at: 1786485775867
[debug] [2026-08-11T21:37:35.072Z] >>> [apiv2][query] GET https://cloudfunctions.googleapis.com/v2/projects/duoelo-987fd/locations/europe-west1/operations/operation-1786484207120-658cc448ff1eb-1a143ea7-eb98343b [none]
[debug] [2026-08-11T21:37:35.427Z] <<< [apiv2][status] GET https://cloudfunctions.googleapis.com/v2/projects/duoelo-987fd/locations/europe-west1/operations/operation-1786484207120-658cc448ff1eb-1a143ea7-eb98343b 200
[debug] [2026-08-11T21:37:35.428Z] <<< [apiv2][body] GET https://cloudfunctions.googleapis.com/v2/projects/duoelo-987fd/locations/europe-west1/operations/operation-1786484207120-658cc448ff1eb-1a143ea7-eb98343b {"name":"projects/duoelo-987fd/locations/europe-west1/operations/operation-1786484207120-658cc448ff1eb-1a143ea7-eb98343b","metadata":{"@type":"type.googleapis.com/google.cloud.functions.v2.OperationMetadata","createTime":"2026-08-11T21:36:47.970702185Z","target":"projects/duoelo-987fd/locations/europe-west1/functions/revenueCatWebhook","verb":"create","cancelRequested":false,"apiVersion":"v2","requestResource":{"@type":"type.googleapis.com/google.cloud.functions.v2.Function","name":"projects/duoelo-987fd/locations/europe-west1/functions/revenueCatWebhook","buildConfig":{"runtime":"nodejs24","entryPoint":"revenueCatWebhook","source":{"storageSource":{"bucket":"gcf-v2-sources-504286284116-europe-west1","object":"revenueCatWebhook/function-source.zip","generation":"1786484207484572"}},"environmentVariables":{"GOOGLE_NODE_RUN_SCRIPTS":""},"serviceAccount":"projects/duoelo-987fd/serviceAccounts/504286284116-compute@developer.gserviceaccount.com","automaticUpdatePolicy":{}},"serviceConfig":{"service":"projects/duoelo-987fd/locations/europe-west1/services/revenuecatwebhook","timeoutSeconds":60,"environmentVariables":{"FIREBASE_CONFIG":"{\"projectId\":\"duoelo-987fd\",\"storageBucket\":\"duoelo-987fd.firebasestorage.app\"}","GCLOUD_PROJECT":"duoelo-987fd","EVENTARC_CLOUD_EVENT_SOURCE":"projects/duoelo-987fd/locations/europe-west1/services/revenueCatWebhook","FUNCTION_REGION":"europe-west1","FUNCTION_TARGET":"revenueCatWebhook","LOG_EXECUTION_ID":"true"},"ingressSettings":"ALLOW_ALL","serviceAccountEmail":"504286284116-compute@developer.gserviceaccount.com","availableMemory":"256Mi","maxInstanceRequestConcurrency":80,"availableCpu":"1"},"labels":{"deployment-tool":"cli-firebase","firebase-functions-hash":"56a3ed4ed98a7b7ef9b1bdf89f19909edb74522f"},"environment":"GEN_2"},"stages":[{"name":"BUILD","message":"Build in progress","state":"IN_PROGRESS","resource":"projects/504286284116/locations/europe-west1/builds/c166051b-df49-4f13-928c-2b786ba5024f","resourceUri":"https://console.cloud.google.com/cloud-build/builds;region=europe-west1/c166051b-df49-4f13-928c-2b786ba5024f?project=504286284116"},{"name":"SERVICE","state":"NOT_STARTED"}],"operationType":"CREATE_FUNCTION","buildName":"projects/504286284116/locations/europe-west1/builds/c166051b-df49-4f13-928c-2b786ba5024f"},"done":false}
[debug] [2026-08-11T21:37:45.428Z] [create-default-europe-west1-revenueCatWebhook] Retrying task index 0
[debug] [2026-08-11T21:37:45.428Z] Checked if tokens are valid: true, expires at: 1786485775867
[debug] [2026-08-11T21:37:45.428Z] Checked if tokens are valid: true, expires at: 1786485775867
[debug] [2026-08-11T21:37:45.428Z] >>> [apiv2][query] GET https://cloudfunctions.googleapis.com/v2/projects/duoelo-987fd/locations/europe-west1/operations/operation-1786484207120-658cc448ff1eb-1a143ea7-eb98343b [none]
[debug] [2026-08-11T21:37:45.694Z] <<< [apiv2][status] GET https://cloudfunctions.googleapis.com/v2/projects/duoelo-987fd/locations/europe-west1/operations/operation-1786484207120-658cc448ff1eb-1a143ea7-eb98343b 200
[debug] [2026-08-11T21:37:45.694Z] <<< [apiv2][body] GET https://cloudfunctions.googleapis.com/v2/projects/duoelo-987fd/locations/europe-west1/operations/operation-1786484207120-658cc448ff1eb-1a143ea7-eb98343b {"name":"projects/duoelo-987fd/locations/europe-west1/operations/operation-1786484207120-658cc448ff1eb-1a143ea7-eb98343b","metadata":{"@type":"type.googleapis.com/google.cloud.functions.v2.OperationMetadata","createTime":"2026-08-11T21:36:47.970702185Z","target":"projects/duoelo-987fd/locations/europe-west1/functions/revenueCatWebhook","verb":"create","cancelRequested":false,"apiVersion":"v2","requestResource":{"@type":"type.googleapis.com/google.cloud.functions.v2.Function","name":"projects/duoelo-987fd/locations/europe-west1/functions/revenueCatWebhook","buildConfig":{"runtime":"nodejs24","entryPoint":"revenueCatWebhook","source":{"storageSource":{"bucket":"gcf-v2-sources-504286284116-europe-west1","object":"revenueCatWebhook/function-source.zip","generation":"1786484207484572"}},"environmentVariables":{"GOOGLE_NODE_RUN_SCRIPTS":""},"serviceAccount":"projects/duoelo-987fd/serviceAccounts/504286284116-compute@developer.gserviceaccount.com","automaticUpdatePolicy":{}},"serviceConfig":{"service":"projects/duoelo-987fd/locations/europe-west1/services/revenuecatwebhook","timeoutSeconds":60,"environmentVariables":{"FIREBASE_CONFIG":"{\"projectId\":\"duoelo-987fd\",\"storageBucket\":\"duoelo-987fd.firebasestorage.app\"}","GCLOUD_PROJECT":"duoelo-987fd","EVENTARC_CLOUD_EVENT_SOURCE":"projects/duoelo-987fd/locations/europe-west1/services/revenueCatWebhook","FUNCTION_REGION":"europe-west1","FUNCTION_TARGET":"revenueCatWebhook","LOG_EXECUTION_ID":"true"},"ingressSettings":"ALLOW_ALL","serviceAccountEmail":"504286284116-compute@developer.gserviceaccount.com","availableMemory":"256Mi","maxInstanceRequestConcurrency":80,"availableCpu":"1"},"labels":{"deployment-tool":"cli-firebase","firebase-functions-hash":"56a3ed4ed98a7b7ef9b1bdf89f19909edb74522f"},"environment":"GEN_2"},"stages":[{"name":"BUILD","message":"Build in progress","state":"IN_PROGRESS","resource":"projects/504286284116/locations/europe-west1/builds/c166051b-df49-4f13-928c-2b786ba5024f","resourceUri":"https://console.cloud.google.com/cloud-build/builds;region=europe-west1/c166051b-df49-4f13-928c-2b786ba5024f?project=504286284116"},{"name":"SERVICE","state":"NOT_STARTED"}],"operationType":"CREATE_FUNCTION","buildName":"projects/504286284116/locations/europe-west1/builds/c166051b-df49-4f13-928c-2b786ba5024f"},"done":false}
[debug] [2026-08-11T21:37:55.695Z] [create-default-europe-west1-revenueCatWebhook] Retrying task index 0
[debug] [2026-08-11T21:37:55.695Z] Checked if tokens are valid: true, expires at: 1786485775867
[debug] [2026-08-11T21:37:55.696Z] Checked if tokens are valid: true, expires at: 1786485775867
[debug] [2026-08-11T21:37:55.696Z] >>> [apiv2][query] GET https://cloudfunctions.googleapis.com/v2/projects/duoelo-987fd/locations/europe-west1/operations/operation-1786484207120-658cc448ff1eb-1a143ea7-eb98343b [none]
[debug] [2026-08-11T21:37:55.849Z] <<< [apiv2][status] GET https://cloudfunctions.googleapis.com/v2/projects/duoelo-987fd/locations/europe-west1/operations/operation-1786484207120-658cc448ff1eb-1a143ea7-eb98343b 200
[debug] [2026-08-11T21:37:55.849Z] <<< [apiv2][body] GET https://cloudfunctions.googleapis.com/v2/projects/duoelo-987fd/locations/europe-west1/operations/operation-1786484207120-658cc448ff1eb-1a143ea7-eb98343b {"name":"projects/duoelo-987fd/locations/europe-west1/operations/operation-1786484207120-658cc448ff1eb-1a143ea7-eb98343b","metadata":{"@type":"type.googleapis.com/google.cloud.functions.v2.OperationMetadata","createTime":"2026-08-11T21:36:47.970702185Z","target":"projects/duoelo-987fd/locations/europe-west1/functions/revenueCatWebhook","verb":"create","cancelRequested":false,"apiVersion":"v2","requestResource":{"@type":"type.googleapis.com/google.cloud.functions.v2.Function","name":"projects/duoelo-987fd/locations/europe-west1/functions/revenueCatWebhook","buildConfig":{"runtime":"nodejs24","entryPoint":"revenueCatWebhook","source":{"storageSource":{"bucket":"gcf-v2-sources-504286284116-europe-west1","object":"revenueCatWebhook/function-source.zip","generation":"1786484207484572"}},"environmentVariables":{"GOOGLE_NODE_RUN_SCRIPTS":""},"serviceAccount":"projects/duoelo-987fd/serviceAccounts/504286284116-compute@developer.gserviceaccount.com","automaticUpdatePolicy":{}},"serviceConfig":{"service":"projects/duoelo-987fd/locations/europe-west1/services/revenuecatwebhook","timeoutSeconds":60,"environmentVariables":{"FIREBASE_CONFIG":"{\"projectId\":\"duoelo-987fd\",\"storageBucket\":\"duoelo-987fd.firebasestorage.app\"}","GCLOUD_PROJECT":"duoelo-987fd","EVENTARC_CLOUD_EVENT_SOURCE":"projects/duoelo-987fd/locations/europe-west1/services/revenueCatWebhook","FUNCTION_REGION":"europe-west1","FUNCTION_TARGET":"revenueCatWebhook","LOG_EXECUTION_ID":"true"},"ingressSettings":"ALLOW_ALL","serviceAccountEmail":"504286284116-compute@developer.gserviceaccount.com","availableMemory":"256Mi","maxInstanceRequestConcurrency":80,"availableCpu":"1"},"labels":{"deployment-tool":"cli-firebase","firebase-functions-hash":"56a3ed4ed98a7b7ef9b1bdf89f19909edb74522f"},"environment":"GEN_2"},"stages":[{"name":"BUILD","message":"Build in progress","state":"IN_PROGRESS","resource":"projects/504286284116/locations/europe-west1/builds/c166051b-df49-4f13-928c-2b786ba5024f","resourceUri":"https://console.cloud.google.com/cloud-build/builds;region=europe-west1/c166051b-df49-4f13-928c-2b786ba5024f?project=504286284116"},{"name":"SERVICE","state":"NOT_STARTED"}],"operationType":"CREATE_FUNCTION","buildName":"projects/504286284116/locations/europe-west1/builds/c166051b-df49-4f13-928c-2b786ba5024f"},"done":false}
[debug] [2026-08-11T21:38:05.851Z] [create-default-europe-west1-revenueCatWebhook] Retrying task index 0
[debug] [2026-08-11T21:38:05.851Z] Checked if tokens are valid: true, expires at: 1786485775867
[debug] [2026-08-11T21:38:05.851Z] Checked if tokens are valid: true, expires at: 1786485775867
[debug] [2026-08-11T21:38:05.851Z] >>> [apiv2][query] GET https://cloudfunctions.googleapis.com/v2/projects/duoelo-987fd/locations/europe-west1/operations/operation-1786484207120-658cc448ff1eb-1a143ea7-eb98343b [none]
[debug] [2026-08-11T21:38:06.115Z] <<< [apiv2][status] GET https://cloudfunctions.googleapis.com/v2/projects/duoelo-987fd/locations/europe-west1/operations/operation-1786484207120-658cc448ff1eb-1a143ea7-eb98343b 200
[debug] [2026-08-11T21:38:06.115Z] <<< [apiv2][body] GET https://cloudfunctions.googleapis.com/v2/projects/duoelo-987fd/locations/europe-west1/operations/operation-1786484207120-658cc448ff1eb-1a143ea7-eb98343b {"name":"projects/duoelo-987fd/locations/europe-west1/operations/operation-1786484207120-658cc448ff1eb-1a143ea7-eb98343b","metadata":{"@type":"type.googleapis.com/google.cloud.functions.v2.OperationMetadata","createTime":"2026-08-11T21:36:47.970702185Z","target":"projects/duoelo-987fd/locations/europe-west1/functions/revenueCatWebhook","verb":"create","cancelRequested":false,"apiVersion":"v2","requestResource":{"@type":"type.googleapis.com/google.cloud.functions.v2.Function","name":"projects/duoelo-987fd/locations/europe-west1/functions/revenueCatWebhook","buildConfig":{"runtime":"nodejs24","entryPoint":"revenueCatWebhook","source":{"storageSource":{"bucket":"gcf-v2-sources-504286284116-europe-west1","object":"revenueCatWebhook/function-source.zip","generation":"1786484207484572"}},"environmentVariables":{"GOOGLE_NODE_RUN_SCRIPTS":""},"serviceAccount":"projects/duoelo-987fd/serviceAccounts/504286284116-compute@developer.gserviceaccount.com","automaticUpdatePolicy":{}},"serviceConfig":{"service":"projects/duoelo-987fd/locations/europe-west1/services/revenuecatwebhook","timeoutSeconds":60,"environmentVariables":{"FIREBASE_CONFIG":"{\"projectId\":\"duoelo-987fd\",\"storageBucket\":\"duoelo-987fd.firebasestorage.app\"}","GCLOUD_PROJECT":"duoelo-987fd","EVENTARC_CLOUD_EVENT_SOURCE":"projects/duoelo-987fd/locations/europe-west1/services/revenueCatWebhook","FUNCTION_REGION":"europe-west1","FUNCTION_TARGET":"revenueCatWebhook","LOG_EXECUTION_ID":"true"},"ingressSettings":"ALLOW_ALL","serviceAccountEmail":"504286284116-compute@developer.gserviceaccount.com","availableMemory":"256Mi","maxInstanceRequestConcurrency":80,"availableCpu":"1"},"labels":{"deployment-tool":"cli-firebase","firebase-functions-hash":"56a3ed4ed98a7b7ef9b1bdf89f19909edb74522f"},"environment":"GEN_2"},"stages":[{"name":"BUILD","message":"Build in progress","state":"IN_PROGRESS","resource":"projects/504286284116/locations/europe-west1/builds/c166051b-df49-4f13-928c-2b786ba5024f","resourceUri":"https://console.cloud.google.com/cloud-build/builds;region=europe-west1/c166051b-df49-4f13-928c-2b786ba5024f?project=504286284116"},{"name":"SERVICE","state":"NOT_STARTED"}],"operationType":"CREATE_FUNCTION","buildName":"projects/504286284116/locations/europe-west1/builds/c166051b-df49-4f13-928c-2b786ba5024f"},"done":false}
[debug] [2026-08-11T21:38:16.116Z] [create-default-europe-west1-revenueCatWebhook] Retrying task index 0
[debug] [2026-08-11T21:38:16.117Z] Checked if tokens are valid: true, expires at: 1786485775867
[debug] [2026-08-11T21:38:16.117Z] Checked if tokens are valid: true, expires at: 1786485775867
[debug] [2026-08-11T21:38:16.117Z] >>> [apiv2][query] GET https://cloudfunctions.googleapis.com/v2/projects/duoelo-987fd/locations/europe-west1/operations/operation-1786484207120-658cc448ff1eb-1a143ea7-eb98343b [none]
[debug] [2026-08-11T21:38:16.266Z] <<< [apiv2][status] GET https://cloudfunctions.googleapis.com/v2/projects/duoelo-987fd/locations/europe-west1/operations/operation-1786484207120-658cc448ff1eb-1a143ea7-eb98343b 200
[debug] [2026-08-11T21:38:16.267Z] <<< [apiv2][body] GET https://cloudfunctions.googleapis.com/v2/projects/duoelo-987fd/locations/europe-west1/operations/operation-1786484207120-658cc448ff1eb-1a143ea7-eb98343b {"name":"projects/duoelo-987fd/locations/europe-west1/operations/operation-1786484207120-658cc448ff1eb-1a143ea7-eb98343b","metadata":{"@type":"type.googleapis.com/google.cloud.functions.v2.OperationMetadata","createTime":"2026-08-11T21:36:47.970702185Z","target":"projects/duoelo-987fd/locations/europe-west1/functions/revenueCatWebhook","verb":"create","cancelRequested":false,"apiVersion":"v2","requestResource":{"@type":"type.googleapis.com/google.cloud.functions.v2.Function","name":"projects/duoelo-987fd/locations/europe-west1/functions/revenueCatWebhook","buildConfig":{"runtime":"nodejs24","entryPoint":"revenueCatWebhook","source":{"storageSource":{"bucket":"gcf-v2-sources-504286284116-europe-west1","object":"revenueCatWebhook/function-source.zip","generation":"1786484207484572"}},"environmentVariables":{"GOOGLE_NODE_RUN_SCRIPTS":""},"serviceAccount":"projects/duoelo-987fd/serviceAccounts/504286284116-compute@developer.gserviceaccount.com","automaticUpdatePolicy":{}},"serviceConfig":{"service":"projects/duoelo-987fd/locations/europe-west1/services/revenuecatwebhook","timeoutSeconds":60,"environmentVariables":{"FIREBASE_CONFIG":"{\"projectId\":\"duoelo-987fd\",\"storageBucket\":\"duoelo-987fd.firebasestorage.app\"}","GCLOUD_PROJECT":"duoelo-987fd","EVENTARC_CLOUD_EVENT_SOURCE":"projects/duoelo-987fd/locations/europe-west1/services/revenueCatWebhook","FUNCTION_REGION":"europe-west1","FUNCTION_TARGET":"revenueCatWebhook","LOG_EXECUTION_ID":"true"},"ingressSettings":"ALLOW_ALL","serviceAccountEmail":"504286284116-compute@developer.gserviceaccount.com","availableMemory":"256Mi","maxInstanceRequestConcurrency":80,"availableCpu":"1"},"labels":{"deployment-tool":"cli-firebase","firebase-functions-hash":"56a3ed4ed98a7b7ef9b1bdf89f19909edb74522f"},"environment":"GEN_2"},"stages":[{"name":"BUILD","message":"Build in progress","state":"IN_PROGRESS","resource":"projects/504286284116/locations/europe-west1/builds/c166051b-df49-4f13-928c-2b786ba5024f","resourceUri":"https://console.cloud.google.com/cloud-build/builds;region=europe-west1/c166051b-df49-4f13-928c-2b786ba5024f?project=504286284116"},{"name":"SERVICE","state":"NOT_STARTED"}],"operationType":"CREATE_FUNCTION","buildName":"projects/504286284116/locations/europe-west1/builds/c166051b-df49-4f13-928c-2b786ba5024f"},"done":false}
[debug] [2026-08-11T21:38:26.267Z] [create-default-europe-west1-revenueCatWebhook] Retrying task index 0
[debug] [2026-08-11T21:38:26.267Z] Checked if tokens are valid: true, expires at: 1786485775867
[debug] [2026-08-11T21:38:26.268Z] Checked if tokens are valid: true, expires at: 1786485775867
[debug] [2026-08-11T21:38:26.268Z] >>> [apiv2][query] GET https://cloudfunctions.googleapis.com/v2/projects/duoelo-987fd/locations/europe-west1/operations/operation-1786484207120-658cc448ff1eb-1a143ea7-eb98343b [none]
[debug] [2026-08-11T21:38:26.479Z] <<< [apiv2][status] GET https://cloudfunctions.googleapis.com/v2/projects/duoelo-987fd/locations/europe-west1/operations/operation-1786484207120-658cc448ff1eb-1a143ea7-eb98343b 200
[debug] [2026-08-11T21:38:26.479Z] <<< [apiv2][body] GET https://cloudfunctions.googleapis.com/v2/projects/duoelo-987fd/locations/europe-west1/operations/operation-1786484207120-658cc448ff1eb-1a143ea7-eb98343b {"name":"projects/duoelo-987fd/locations/europe-west1/operations/operation-1786484207120-658cc448ff1eb-1a143ea7-eb98343b","metadata":{"@type":"type.googleapis.com/google.cloud.functions.v2.OperationMetadata","createTime":"2026-08-11T21:36:47.970702185Z","target":"projects/duoelo-987fd/locations/europe-west1/functions/revenueCatWebhook","verb":"create","cancelRequested":false,"apiVersion":"v2","requestResource":{"@type":"type.googleapis.com/google.cloud.functions.v2.Function","name":"projects/duoelo-987fd/locations/europe-west1/functions/revenueCatWebhook","buildConfig":{"runtime":"nodejs24","entryPoint":"revenueCatWebhook","source":{"storageSource":{"bucket":"gcf-v2-sources-504286284116-europe-west1","object":"revenueCatWebhook/function-source.zip","generation":"1786484207484572"}},"environmentVariables":{"GOOGLE_NODE_RUN_SCRIPTS":""},"serviceAccount":"projects/duoelo-987fd/serviceAccounts/504286284116-compute@developer.gserviceaccount.com","automaticUpdatePolicy":{}},"serviceConfig":{"service":"projects/duoelo-987fd/locations/europe-west1/services/revenuecatwebhook","timeoutSeconds":60,"environmentVariables":{"FIREBASE_CONFIG":"{\"projectId\":\"duoelo-987fd\",\"storageBucket\":\"duoelo-987fd.firebasestorage.app\"}","GCLOUD_PROJECT":"duoelo-987fd","EVENTARC_CLOUD_EVENT_SOURCE":"projects/duoelo-987fd/locations/europe-west1/services/revenueCatWebhook","FUNCTION_REGION":"europe-west1","FUNCTION_TARGET":"revenueCatWebhook","LOG_EXECUTION_ID":"true"},"ingressSettings":"ALLOW_ALL","serviceAccountEmail":"504286284116-compute@developer.gserviceaccount.com","availableMemory":"256Mi","maxInstanceRequestConcurrency":80,"availableCpu":"1"},"labels":{"deployment-tool":"cli-firebase","firebase-functions-hash":"56a3ed4ed98a7b7ef9b1bdf89f19909edb74522f"},"environment":"GEN_2"},"stages":[{"name":"BUILD","message":"Build in progress","state":"IN_PROGRESS","resource":"projects/504286284116/locations/europe-west1/builds/c166051b-df49-4f13-928c-2b786ba5024f","resourceUri":"https://console.cloud.google.com/cloud-build/builds;region=europe-west1/c166051b-df49-4f13-928c-2b786ba5024f?project=504286284116"},{"name":"SERVICE","state":"NOT_STARTED"}],"operationType":"CREATE_FUNCTION","buildName":"projects/504286284116/locations/europe-west1/builds/c166051b-df49-4f13-928c-2b786ba5024f"},"done":false}
[debug] [2026-08-11T21:38:36.480Z] [create-default-europe-west1-revenueCatWebhook] Retrying task index 0
[debug] [2026-08-11T21:38:36.481Z] Checked if tokens are valid: true, expires at: 1786485775867
[debug] [2026-08-11T21:38:36.481Z] Checked if tokens are valid: true, expires at: 1786485775867
[debug] [2026-08-11T21:38:36.481Z] >>> [apiv2][query] GET https://cloudfunctions.googleapis.com/v2/projects/duoelo-987fd/locations/europe-west1/operations/operation-1786484207120-658cc448ff1eb-1a143ea7-eb98343b [none]
[debug] [2026-08-11T21:38:36.673Z] <<< [apiv2][status] GET https://cloudfunctions.googleapis.com/v2/projects/duoelo-987fd/locations/europe-west1/operations/operation-1786484207120-658cc448ff1eb-1a143ea7-eb98343b 200
[debug] [2026-08-11T21:38:36.673Z] <<< [apiv2][body] GET https://cloudfunctions.googleapis.com/v2/projects/duoelo-987fd/locations/europe-west1/operations/operation-1786484207120-658cc448ff1eb-1a143ea7-eb98343b {"name":"projects/duoelo-987fd/locations/europe-west1/operations/operation-1786484207120-658cc448ff1eb-1a143ea7-eb98343b","metadata":{"@type":"type.googleapis.com/google.cloud.functions.v2.OperationMetadata","createTime":"2026-08-11T21:36:47.970702185Z","target":"projects/duoelo-987fd/locations/europe-west1/functions/revenueCatWebhook","verb":"create","cancelRequested":false,"apiVersion":"v2","requestResource":{"@type":"type.googleapis.com/google.cloud.functions.v2.Function","name":"projects/duoelo-987fd/locations/europe-west1/functions/revenueCatWebhook","buildConfig":{"runtime":"nodejs24","entryPoint":"revenueCatWebhook","source":{"storageSource":{"bucket":"gcf-v2-sources-504286284116-europe-west1","object":"revenueCatWebhook/function-source.zip","generation":"1786484207484572"}},"environmentVariables":{"GOOGLE_NODE_RUN_SCRIPTS":""},"serviceAccount":"projects/duoelo-987fd/serviceAccounts/504286284116-compute@developer.gserviceaccount.com","automaticUpdatePolicy":{}},"serviceConfig":{"service":"projects/duoelo-987fd/locations/europe-west1/services/revenuecatwebhook","timeoutSeconds":60,"environmentVariables":{"FIREBASE_CONFIG":"{\"projectId\":\"duoelo-987fd\",\"storageBucket\":\"duoelo-987fd.firebasestorage.app\"}","GCLOUD_PROJECT":"duoelo-987fd","EVENTARC_CLOUD_EVENT_SOURCE":"projects/duoelo-987fd/locations/europe-west1/services/revenueCatWebhook","FUNCTION_REGION":"europe-west1","FUNCTION_TARGET":"revenueCatWebhook","LOG_EXECUTION_ID":"true"},"ingressSettings":"ALLOW_ALL","serviceAccountEmail":"504286284116-compute@developer.gserviceaccount.com","availableMemory":"256Mi","maxInstanceRequestConcurrency":80,"availableCpu":"1"},"labels":{"deployment-tool":"cli-firebase","firebase-functions-hash":"56a3ed4ed98a7b7ef9b1bdf89f19909edb74522f"},"environment":"GEN_2"},"stages":[{"name":"BUILD","message":"Build in progress","state":"IN_PROGRESS","resource":"projects/504286284116/locations/europe-west1/builds/c166051b-df49-4f13-928c-2b786ba5024f","resourceUri":"https://console.cloud.google.com/cloud-build/builds;region=europe-west1/c166051b-df49-4f13-928c-2b786ba5024f?project=504286284116"},{"name":"SERVICE","state":"NOT_STARTED"}],"operationType":"CREATE_FUNCTION","buildName":"projects/504286284116/locations/europe-west1/builds/c166051b-df49-4f13-928c-2b786ba5024f"},"done":false}
[debug] [2026-08-11T21:38:46.674Z] [create-default-europe-west1-revenueCatWebhook] Retrying task index 0
[debug] [2026-08-11T21:38:46.674Z] Checked if tokens are valid: true, expires at: 1786485775867
[debug] [2026-08-11T21:38:46.674Z] Checked if tokens are valid: true, expires at: 1786485775867
[debug] [2026-08-11T21:38:46.674Z] >>> [apiv2][query] GET https://cloudfunctions.googleapis.com/v2/projects/duoelo-987fd/locations/europe-west1/operations/operation-1786484207120-658cc448ff1eb-1a143ea7-eb98343b [none]
[debug] [2026-08-11T21:38:46.839Z] <<< [apiv2][status] GET https://cloudfunctions.googleapis.com/v2/projects/duoelo-987fd/locations/europe-west1/operations/operation-1786484207120-658cc448ff1eb-1a143ea7-eb98343b 200
[debug] [2026-08-11T21:38:46.839Z] <<< [apiv2][body] GET https://cloudfunctions.googleapis.com/v2/projects/duoelo-987fd/locations/europe-west1/operations/operation-1786484207120-658cc448ff1eb-1a143ea7-eb98343b {"name":"projects/duoelo-987fd/locations/europe-west1/operations/operation-1786484207120-658cc448ff1eb-1a143ea7-eb98343b","metadata":{"@type":"type.googleapis.com/google.cloud.functions.v2.OperationMetadata","createTime":"2026-08-11T21:36:47.970702185Z","target":"projects/duoelo-987fd/locations/europe-west1/functions/revenueCatWebhook","verb":"create","cancelRequested":false,"apiVersion":"v2","requestResource":{"@type":"type.googleapis.com/google.cloud.functions.v2.Function","name":"projects/duoelo-987fd/locations/europe-west1/functions/revenueCatWebhook","buildConfig":{"runtime":"nodejs24","entryPoint":"revenueCatWebhook","source":{"storageSource":{"bucket":"gcf-v2-sources-504286284116-europe-west1","object":"revenueCatWebhook/function-source.zip","generation":"1786484207484572"}},"environmentVariables":{"GOOGLE_NODE_RUN_SCRIPTS":""},"serviceAccount":"projects/duoelo-987fd/serviceAccounts/504286284116-compute@developer.gserviceaccount.com","automaticUpdatePolicy":{}},"serviceConfig":{"service":"projects/duoelo-987fd/locations/europe-west1/services/revenuecatwebhook","timeoutSeconds":60,"environmentVariables":{"FIREBASE_CONFIG":"{\"projectId\":\"duoelo-987fd\",\"storageBucket\":\"duoelo-987fd.firebasestorage.app\"}","GCLOUD_PROJECT":"duoelo-987fd","EVENTARC_CLOUD_EVENT_SOURCE":"projects/duoelo-987fd/locations/europe-west1/services/revenueCatWebhook","FUNCTION_REGION":"europe-west1","FUNCTION_TARGET":"revenueCatWebhook","LOG_EXECUTION_ID":"true"},"ingressSettings":"ALLOW_ALL","serviceAccountEmail":"504286284116-compute@developer.gserviceaccount.com","availableMemory":"256Mi","maxInstanceRequestConcurrency":80,"availableCpu":"1"},"labels":{"deployment-tool":"cli-firebase","firebase-functions-hash":"56a3ed4ed98a7b7ef9b1bdf89f19909edb74522f"},"environment":"GEN_2"},"stages":[{"name":"BUILD","message":"Build in progress","state":"IN_PROGRESS","resource":"projects/504286284116/locations/europe-west1/builds/c166051b-df49-4f13-928c-2b786ba5024f","resourceUri":"https://console.cloud.google.com/cloud-build/builds;region=europe-west1/c166051b-df49-4f13-928c-2b786ba5024f?project=504286284116"},{"name":"SERVICE","state":"NOT_STARTED"}],"operationType":"CREATE_FUNCTION","buildName":"projects/504286284116/locations/europe-west1/builds/c166051b-df49-4f13-928c-2b786ba5024f"},"done":false}
[debug] [2026-08-11T21:38:56.840Z] [create-default-europe-west1-revenueCatWebhook] Retrying task index 0
[debug] [2026-08-11T21:38:56.840Z] Checked if tokens are valid: true, expires at: 1786485775867
[debug] [2026-08-11T21:38:56.840Z] Checked if tokens are valid: true, expires at: 1786485775867
[debug] [2026-08-11T21:38:56.840Z] >>> [apiv2][query] GET https://cloudfunctions.googleapis.com/v2/projects/duoelo-987fd/locations/europe-west1/operations/operation-1786484207120-658cc448ff1eb-1a143ea7-eb98343b [none]
[debug] [2026-08-11T21:38:57.256Z] <<< [apiv2][status] GET https://cloudfunctions.googleapis.com/v2/projects/duoelo-987fd/locations/europe-west1/operations/operation-1786484207120-658cc448ff1eb-1a143ea7-eb98343b 200
[debug] [2026-08-11T21:38:57.270Z] <<< [apiv2][body] GET https://cloudfunctions.googleapis.com/v2/projects/duoelo-987fd/locations/europe-west1/operations/operation-1786484207120-658cc448ff1eb-1a143ea7-eb98343b {"name":"projects/duoelo-987fd/locations/europe-west1/operations/operation-1786484207120-658cc448ff1eb-1a143ea7-eb98343b","metadata":{"@type":"type.googleapis.com/google.cloud.functions.v2.OperationMetadata","createTime":"2026-08-11T21:36:47.970702185Z","target":"projects/duoelo-987fd/locations/europe-west1/functions/revenueCatWebhook","verb":"create","cancelRequested":false,"apiVersion":"v2","requestResource":{"@type":"type.googleapis.com/google.cloud.functions.v2.Function","name":"projects/duoelo-987fd/locations/europe-west1/functions/revenueCatWebhook","buildConfig":{"runtime":"nodejs24","entryPoint":"revenueCatWebhook","source":{"storageSource":{"bucket":"gcf-v2-sources-504286284116-europe-west1","object":"revenueCatWebhook/function-source.zip","generation":"1786484207484572"}},"environmentVariables":{"GOOGLE_NODE_RUN_SCRIPTS":""},"serviceAccount":"projects/duoelo-987fd/serviceAccounts/504286284116-compute@developer.gserviceaccount.com","automaticUpdatePolicy":{}},"serviceConfig":{"service":"projects/duoelo-987fd/locations/europe-west1/services/revenuecatwebhook","timeoutSeconds":60,"environmentVariables":{"FIREBASE_CONFIG":"{\"projectId\":\"duoelo-987fd\",\"storageBucket\":\"duoelo-987fd.firebasestorage.app\"}","GCLOUD_PROJECT":"duoelo-987fd","EVENTARC_CLOUD_EVENT_SOURCE":"projects/duoelo-987fd/locations/europe-west1/services/revenueCatWebhook","FUNCTION_REGION":"europe-west1","FUNCTION_TARGET":"revenueCatWebhook","LOG_EXECUTION_ID":"true"},"ingressSettings":"ALLOW_ALL","serviceAccountEmail":"504286284116-compute@developer.gserviceaccount.com","availableMemory":"256Mi","maxInstanceRequestConcurrency":80,"availableCpu":"1"},"labels":{"deployment-tool":"cli-firebase","firebase-functions-hash":"56a3ed4ed98a7b7ef9b1bdf89f19909edb74522f"},"environment":"GEN_2"},"stages":[{"name":"BUILD","message":"Build in progress","state":"IN_PROGRESS","resource":"projects/504286284116/locations/europe-west1/builds/c166051b-df49-4f13-928c-2b786ba5024f","resourceUri":"https://console.cloud.google.com/cloud-build/builds;region=europe-west1/c166051b-df49-4f13-928c-2b786ba5024f?project=504286284116"},{"name":"SERVICE","state":"NOT_STARTED"}],"operationType":"CREATE_FUNCTION","buildName":"projects/504286284116/locations/europe-west1/builds/c166051b-df49-4f13-928c-2b786ba5024f"},"done":false}
[debug] [2026-08-11T21:39:07.274Z] [create-default-europe-west1-revenueCatWebhook] Retrying task index 0
[debug] [2026-08-11T21:39:07.275Z] Checked if tokens are valid: true, expires at: 1786485775867
[debug] [2026-08-11T21:39:07.275Z] Checked if tokens are valid: true, expires at: 1786485775867
[debug] [2026-08-11T21:39:07.275Z] >>> [apiv2][query] GET https://cloudfunctions.googleapis.com/v2/projects/duoelo-987fd/locations/europe-west1/operations/operation-1786484207120-658cc448ff1eb-1a143ea7-eb98343b [none]
[debug] [2026-08-11T21:39:08.079Z] <<< [apiv2][status] GET https://cloudfunctions.googleapis.com/v2/projects/duoelo-987fd/locations/europe-west1/operations/operation-1786484207120-658cc448ff1eb-1a143ea7-eb98343b 200
[debug] [2026-08-11T21:39:08.079Z] <<< [apiv2][body] GET https://cloudfunctions.googleapis.com/v2/projects/duoelo-987fd/locations/europe-west1/operations/operation-1786484207120-658cc448ff1eb-1a143ea7-eb98343b {"name":"projects/duoelo-987fd/locations/europe-west1/operations/operation-1786484207120-658cc448ff1eb-1a143ea7-eb98343b","metadata":{"@type":"type.googleapis.com/google.cloud.functions.v2.OperationMetadata","createTime":"2026-08-11T21:36:47.970702185Z","target":"projects/duoelo-987fd/locations/europe-west1/functions/revenueCatWebhook","verb":"create","cancelRequested":false,"apiVersion":"v2","requestResource":{"@type":"type.googleapis.com/google.cloud.functions.v2.Function","name":"projects/duoelo-987fd/locations/europe-west1/functions/revenueCatWebhook","buildConfig":{"runtime":"nodejs24","entryPoint":"revenueCatWebhook","source":{"storageSource":{"bucket":"gcf-v2-sources-504286284116-europe-west1","object":"revenueCatWebhook/function-source.zip","generation":"1786484207484572"}},"environmentVariables":{"GOOGLE_NODE_RUN_SCRIPTS":""},"serviceAccount":"projects/duoelo-987fd/serviceAccounts/504286284116-compute@developer.gserviceaccount.com","automaticUpdatePolicy":{}},"serviceConfig":{"service":"projects/duoelo-987fd/locations/europe-west1/services/revenuecatwebhook","timeoutSeconds":60,"environmentVariables":{"FIREBASE_CONFIG":"{\"projectId\":\"duoelo-987fd\",\"storageBucket\":\"duoelo-987fd.firebasestorage.app\"}","GCLOUD_PROJECT":"duoelo-987fd","EVENTARC_CLOUD_EVENT_SOURCE":"projects/duoelo-987fd/locations/europe-west1/services/revenueCatWebhook","FUNCTION_REGION":"europe-west1","FUNCTION_TARGET":"revenueCatWebhook","LOG_EXECUTION_ID":"true"},"ingressSettings":"ALLOW_ALL","serviceAccountEmail":"504286284116-compute@developer.gserviceaccount.com","availableMemory":"256Mi","maxInstanceRequestConcurrency":80,"availableCpu":"1"},"labels":{"deployment-tool":"cli-firebase","firebase-functions-hash":"56a3ed4ed98a7b7ef9b1bdf89f19909edb74522f"},"environment":"GEN_2"},"stages":[{"name":"BUILD","message":"Build in progress","state":"IN_PROGRESS","resource":"projects/504286284116/locations/europe-west1/builds/c166051b-df49-4f13-928c-2b786ba5024f","resourceUri":"https://console.cloud.google.com/cloud-build/builds;region=europe-west1/c166051b-df49-4f13-928c-2b786ba5024f?project=504286284116"},{"name":"SERVICE","state":"NOT_STARTED"}],"operationType":"CREATE_FUNCTION","buildName":"projects/504286284116/locations/europe-west1/builds/c166051b-df49-4f13-928c-2b786ba5024f"},"done":false}
[debug] [2026-08-11T21:39:18.080Z] [create-default-europe-west1-revenueCatWebhook] Retrying task index 0
[debug] [2026-08-11T21:39:18.080Z] Checked if tokens are valid: true, expires at: 1786485775867
[debug] [2026-08-11T21:39:18.080Z] Checked if tokens are valid: true, expires at: 1786485775867
[debug] [2026-08-11T21:39:18.081Z] >>> [apiv2][query] GET https://cloudfunctions.googleapis.com/v2/projects/duoelo-987fd/locations/europe-west1/operations/operation-1786484207120-658cc448ff1eb-1a143ea7-eb98343b [none]
[debug] [2026-08-11T21:39:18.831Z] <<< [apiv2][status] GET https://cloudfunctions.googleapis.com/v2/projects/duoelo-987fd/locations/europe-west1/operations/operation-1786484207120-658cc448ff1eb-1a143ea7-eb98343b 200
[debug] [2026-08-11T21:39:18.831Z] <<< [apiv2][body] GET https://cloudfunctions.googleapis.com/v2/projects/duoelo-987fd/locations/europe-west1/operations/operation-1786484207120-658cc448ff1eb-1a143ea7-eb98343b {"name":"projects/duoelo-987fd/locations/europe-west1/operations/operation-1786484207120-658cc448ff1eb-1a143ea7-eb98343b","metadata":{"@type":"type.googleapis.com/google.cloud.functions.v2.OperationMetadata","createTime":"2026-08-11T21:36:47.970702185Z","target":"projects/duoelo-987fd/locations/europe-west1/functions/revenueCatWebhook","verb":"create","cancelRequested":false,"apiVersion":"v2","requestResource":{"@type":"type.googleapis.com/google.cloud.functions.v2.Function","name":"projects/duoelo-987fd/locations/europe-west1/functions/revenueCatWebhook","buildConfig":{"runtime":"nodejs24","entryPoint":"revenueCatWebhook","source":{"storageSource":{"bucket":"gcf-v2-sources-504286284116-europe-west1","object":"revenueCatWebhook/function-source.zip","generation":"1786484207484572"}},"environmentVariables":{"GOOGLE_NODE_RUN_SCRIPTS":""},"serviceAccount":"projects/duoelo-987fd/serviceAccounts/504286284116-compute@developer.gserviceaccount.com","automaticUpdatePolicy":{}},"serviceConfig":{"service":"projects/duoelo-987fd/locations/europe-west1/services/revenuecatwebhook","timeoutSeconds":60,"environmentVariables":{"FIREBASE_CONFIG":"{\"projectId\":\"duoelo-987fd\",\"storageBucket\":\"duoelo-987fd.firebasestorage.app\"}","GCLOUD_PROJECT":"duoelo-987fd","EVENTARC_CLOUD_EVENT_SOURCE":"projects/duoelo-987fd/locations/europe-west1/services/revenueCatWebhook","FUNCTION_REGION":"europe-west1","FUNCTION_TARGET":"revenueCatWebhook","LOG_EXECUTION_ID":"true"},"ingressSettings":"ALLOW_ALL","serviceAccountEmail":"504286284116-compute@developer.gserviceaccount.com","availableMemory":"256Mi","maxInstanceRequestConcurrency":80,"availableCpu":"1"},"labels":{"deployment-tool":"cli-firebase","firebase-functions-hash":"56a3ed4ed98a7b7ef9b1bdf89f19909edb74522f"},"environment":"GEN_2"},"stages":[{"name":"BUILD","message":"Build in progress","state":"IN_PROGRESS","resource":"projects/504286284116/locations/europe-west1/builds/c166051b-df49-4f13-928c-2b786ba5024f","resourceUri":"https://console.cloud.google.com/cloud-build/builds;region=europe-west1/c166051b-df49-4f13-928c-2b786ba5024f?project=504286284116"},{"name":"SERVICE","state":"NOT_STARTED"}],"operationType":"CREATE_FUNCTION","buildName":"projects/504286284116/locations/europe-west1/builds/c166051b-df49-4f13-928c-2b786ba5024f"},"done":false}
[debug] [2026-08-11T21:39:28.820Z] [create-default-europe-west1-revenueCatWebhook] Retrying task index 0
[debug] [2026-08-11T21:39:28.821Z] Checked if tokens are valid: true, expires at: 1786485775867
[debug] [2026-08-11T21:39:28.821Z] Checked if tokens are valid: true, expires at: 1786485775867
[debug] [2026-08-11T21:39:28.821Z] >>> [apiv2][query] GET https://cloudfunctions.googleapis.com/v2/projects/duoelo-987fd/locations/europe-west1/operations/operation-1786484207120-658cc448ff1eb-1a143ea7-eb98343b [none]
[debug] [2026-08-11T21:39:29.085Z] <<< [apiv2][status] GET https://cloudfunctions.googleapis.com/v2/projects/duoelo-987fd/locations/europe-west1/operations/operation-1786484207120-658cc448ff1eb-1a143ea7-eb98343b 200
[debug] [2026-08-11T21:39:29.085Z] <<< [apiv2][body] GET https://cloudfunctions.googleapis.com/v2/projects/duoelo-987fd/locations/europe-west1/operations/operation-1786484207120-658cc448ff1eb-1a143ea7-eb98343b {"name":"projects/duoelo-987fd/locations/europe-west1/operations/operation-1786484207120-658cc448ff1eb-1a143ea7-eb98343b","metadata":{"@type":"type.googleapis.com/google.cloud.functions.v2.OperationMetadata","createTime":"2026-08-11T21:36:47.970702185Z","target":"projects/duoelo-987fd/locations/europe-west1/functions/revenueCatWebhook","verb":"create","cancelRequested":false,"apiVersion":"v2","requestResource":{"@type":"type.googleapis.com/google.cloud.functions.v2.Function","name":"projects/duoelo-987fd/locations/europe-west1/functions/revenueCatWebhook","buildConfig":{"runtime":"nodejs24","entryPoint":"revenueCatWebhook","source":{"storageSource":{"bucket":"gcf-v2-sources-504286284116-europe-west1","object":"revenueCatWebhook/function-source.zip","generation":"1786484207484572"}},"environmentVariables":{"GOOGLE_NODE_RUN_SCRIPTS":""},"serviceAccount":"projects/duoelo-987fd/serviceAccounts/504286284116-compute@developer.gserviceaccount.com","automaticUpdatePolicy":{}},"serviceConfig":{"service":"projects/duoelo-987fd/locations/europe-west1/services/revenuecatwebhook","timeoutSeconds":60,"environmentVariables":{"FIREBASE_CONFIG":"{\"projectId\":\"duoelo-987fd\",\"storageBucket\":\"duoelo-987fd.firebasestorage.app\"}","GCLOUD_PROJECT":"duoelo-987fd","EVENTARC_CLOUD_EVENT_SOURCE":"projects/duoelo-987fd/locations/europe-west1/services/revenueCatWebhook","FUNCTION_REGION":"europe-west1","FUNCTION_TARGET":"revenueCatWebhook","LOG_EXECUTION_ID":"true"},"ingressSettings":"ALLOW_ALL","serviceAccountEmail":"504286284116-compute@developer.gserviceaccount.com","availableMemory":"256Mi","maxInstanceRequestConcurrency":80,"availableCpu":"1"},"labels":{"deployment-tool":"cli-firebase","firebase-functions-hash":"56a3ed4ed98a7b7ef9b1bdf89f19909edb74522f"},"environment":"GEN_2"},"stages":[{"name":"BUILD","message":"Build in progress","state":"IN_PROGRESS","resource":"projects/504286284116/locations/europe-west1/builds/c166051b-df49-4f13-928c-2b786ba5024f","resourceUri":"https://console.cloud.google.com/cloud-build/builds;region=europe-west1/c166051b-df49-4f13-928c-2b786ba5024f?project=504286284116"},{"name":"SERVICE","state":"NOT_STARTED"}],"operationType":"CREATE_FUNCTION","buildName":"projects/504286284116/locations/europe-west1/builds/c166051b-df49-4f13-928c-2b786ba5024f"},"done":false}
[debug] [2026-08-11T21:39:39.079Z] [create-default-europe-west1-revenueCatWebhook] Retrying task index 0
[debug] [2026-08-11T21:39:39.080Z] Checked if tokens are valid: true, expires at: 1786485775867
[debug] [2026-08-11T21:39:39.080Z] Checked if tokens are valid: true, expires at: 1786485775867
[debug] [2026-08-11T21:39:39.080Z] >>> [apiv2][query] GET https://cloudfunctions.googleapis.com/v2/projects/duoelo-987fd/locations/europe-west1/operations/operation-1786484207120-658cc448ff1eb-1a143ea7-eb98343b [none]
[debug] [2026-08-11T21:39:39.299Z] <<< [apiv2][status] GET https://cloudfunctions.googleapis.com/v2/projects/duoelo-987fd/locations/europe-west1/operations/operation-1786484207120-658cc448ff1eb-1a143ea7-eb98343b 200
[debug] [2026-08-11T21:39:39.299Z] <<< [apiv2][body] GET https://cloudfunctions.googleapis.com/v2/projects/duoelo-987fd/locations/europe-west1/operations/operation-1786484207120-658cc448ff1eb-1a143ea7-eb98343b {"name":"projects/duoelo-987fd/locations/europe-west1/operations/operation-1786484207120-658cc448ff1eb-1a143ea7-eb98343b","metadata":{"@type":"type.googleapis.com/google.cloud.functions.v2.OperationMetadata","createTime":"2026-08-11T21:36:47.970702185Z","target":"projects/duoelo-987fd/locations/europe-west1/functions/revenueCatWebhook","verb":"create","cancelRequested":false,"apiVersion":"v2","requestResource":{"@type":"type.googleapis.com/google.cloud.functions.v2.Function","name":"projects/duoelo-987fd/locations/europe-west1/functions/revenueCatWebhook","buildConfig":{"runtime":"nodejs24","entryPoint":"revenueCatWebhook","source":{"storageSource":{"bucket":"gcf-v2-sources-504286284116-europe-west1","object":"revenueCatWebhook/function-source.zip","generation":"1786484207484572"}},"environmentVariables":{"GOOGLE_NODE_RUN_SCRIPTS":""},"serviceAccount":"projects/duoelo-987fd/serviceAccounts/504286284116-compute@developer.gserviceaccount.com","automaticUpdatePolicy":{}},"serviceConfig":{"service":"projects/duoelo-987fd/locations/europe-west1/services/revenuecatwebhook","timeoutSeconds":60,"environmentVariables":{"FIREBASE_CONFIG":"{\"projectId\":\"duoelo-987fd\",\"storageBucket\":\"duoelo-987fd.firebasestorage.app\"}","GCLOUD_PROJECT":"duoelo-987fd","EVENTARC_CLOUD_EVENT_SOURCE":"projects/duoelo-987fd/locations/europe-west1/services/revenueCatWebhook","FUNCTION_REGION":"europe-west1","FUNCTION_TARGET":"revenueCatWebhook","LOG_EXECUTION_ID":"true"},"ingressSettings":"ALLOW_ALL","serviceAccountEmail":"504286284116-compute@developer.gserviceaccount.com","availableMemory":"256Mi","maxInstanceRequestConcurrency":80,"availableCpu":"1"},"labels":{"deployment-tool":"cli-firebase","firebase-functions-hash":"56a3ed4ed98a7b7ef9b1bdf89f19909edb74522f"},"environment":"GEN_2"},"stages":[{"name":"BUILD","message":"Build in progress","state":"IN_PROGRESS","resource":"projects/504286284116/locations/europe-west1/builds/c166051b-df49-4f13-928c-2b786ba5024f","resourceUri":"https://console.cloud.google.com/cloud-build/builds;region=europe-west1/c166051b-df49-4f13-928c-2b786ba5024f?project=504286284116"},{"name":"SERVICE","state":"NOT_STARTED"}],"operationType":"CREATE_FUNCTION","buildName":"projects/504286284116/locations/europe-west1/builds/c166051b-df49-4f13-928c-2b786ba5024f"},"done":false}
[debug] [2026-08-11T21:39:49.296Z] [create-default-europe-west1-revenueCatWebhook] Retrying task index 0
[debug] [2026-08-11T21:39:49.297Z] Checked if tokens are valid: true, expires at: 1786485775867
[debug] [2026-08-11T21:39:49.297Z] Checked if tokens are valid: true, expires at: 1786485775867
[debug] [2026-08-11T21:39:49.297Z] >>> [apiv2][query] GET https://cloudfunctions.googleapis.com/v2/projects/duoelo-987fd/locations/europe-west1/operations/operation-1786484207120-658cc448ff1eb-1a143ea7-eb98343b [none]
[debug] [2026-08-11T21:39:49.626Z] <<< [apiv2][status] GET https://cloudfunctions.googleapis.com/v2/projects/duoelo-987fd/locations/europe-west1/operations/operation-1786484207120-658cc448ff1eb-1a143ea7-eb98343b 200
[debug] [2026-08-11T21:39:49.626Z] <<< [apiv2][body] GET https://cloudfunctions.googleapis.com/v2/projects/duoelo-987fd/locations/europe-west1/operations/operation-1786484207120-658cc448ff1eb-1a143ea7-eb98343b {"name":"projects/duoelo-987fd/locations/europe-west1/operations/operation-1786484207120-658cc448ff1eb-1a143ea7-eb98343b","metadata":{"@type":"type.googleapis.com/google.cloud.functions.v2.OperationMetadata","createTime":"2026-08-11T21:36:47.970702185Z","target":"projects/duoelo-987fd/locations/europe-west1/functions/revenueCatWebhook","verb":"create","cancelRequested":false,"apiVersion":"v2","requestResource":{"@type":"type.googleapis.com/google.cloud.functions.v2.Function","name":"projects/duoelo-987fd/locations/europe-west1/functions/revenueCatWebhook","buildConfig":{"runtime":"nodejs24","entryPoint":"revenueCatWebhook","source":{"storageSource":{"bucket":"gcf-v2-sources-504286284116-europe-west1","object":"revenueCatWebhook/function-source.zip","generation":"1786484207484572"}},"environmentVariables":{"GOOGLE_NODE_RUN_SCRIPTS":""},"serviceAccount":"projects/duoelo-987fd/serviceAccounts/504286284116-compute@developer.gserviceaccount.com","automaticUpdatePolicy":{}},"serviceConfig":{"service":"projects/duoelo-987fd/locations/europe-west1/services/revenuecatwebhook","timeoutSeconds":60,"environmentVariables":{"FIREBASE_CONFIG":"{\"projectId\":\"duoelo-987fd\",\"storageBucket\":\"duoelo-987fd.firebasestorage.app\"}","GCLOUD_PROJECT":"duoelo-987fd","EVENTARC_CLOUD_EVENT_SOURCE":"projects/duoelo-987fd/locations/europe-west1/services/revenueCatWebhook","FUNCTION_REGION":"europe-west1","FUNCTION_TARGET":"revenueCatWebhook","LOG_EXECUTION_ID":"true"},"ingressSettings":"ALLOW_ALL","serviceAccountEmail":"504286284116-compute@developer.gserviceaccount.com","availableMemory":"256Mi","maxInstanceRequestConcurrency":80,"availableCpu":"1"},"labels":{"deployment-tool":"cli-firebase","firebase-functions-hash":"56a3ed4ed98a7b7ef9b1bdf89f19909edb74522f"},"environment":"GEN_2"},"stages":[{"name":"BUILD","message":"Build in progress","state":"IN_PROGRESS","resource":"projects/504286284116/locations/europe-west1/builds/c166051b-df49-4f13-928c-2b786ba5024f","resourceUri":"https://console.cloud.google.com/cloud-build/builds;region=europe-west1/c166051b-df49-4f13-928c-2b786ba5024f?project=504286284116"},{"name":"SERVICE","state":"NOT_STARTED"}],"operationType":"CREATE_FUNCTION","buildName":"projects/504286284116/locations/europe-west1/builds/c166051b-df49-4f13-928c-2b786ba5024f"},"done":false}
[debug] [2026-08-11T21:39:59.624Z] [create-default-europe-west1-revenueCatWebhook] Retrying task index 0
[debug] [2026-08-11T21:39:59.625Z] Checked if tokens are valid: true, expires at: 1786485775867
[debug] [2026-08-11T21:39:59.625Z] Checked if tokens are valid: true, expires at: 1786485775867
[debug] [2026-08-11T21:39:59.625Z] >>> [apiv2][query] GET https://cloudfunctions.googleapis.com/v2/projects/duoelo-987fd/locations/europe-west1/operations/operation-1786484207120-658cc448ff1eb-1a143ea7-eb98343b [none]
[debug] [2026-08-11T21:40:00.201Z] <<< [apiv2][status] GET https://cloudfunctions.googleapis.com/v2/projects/duoelo-987fd/locations/europe-west1/operations/operation-1786484207120-658cc448ff1eb-1a143ea7-eb98343b 200
[debug] [2026-08-11T21:40:00.201Z] <<< [apiv2][body] GET https://cloudfunctions.googleapis.com/v2/projects/duoelo-987fd/locations/europe-west1/operations/operation-1786484207120-658cc448ff1eb-1a143ea7-eb98343b {"name":"projects/duoelo-987fd/locations/europe-west1/operations/operation-1786484207120-658cc448ff1eb-1a143ea7-eb98343b","metadata":{"@type":"type.googleapis.com/google.cloud.functions.v2.OperationMetadata","createTime":"2026-08-11T21:36:47.970702185Z","target":"projects/duoelo-987fd/locations/europe-west1/functions/revenueCatWebhook","verb":"create","cancelRequested":false,"apiVersion":"v2","requestResource":{"@type":"type.googleapis.com/google.cloud.functions.v2.Function","name":"projects/duoelo-987fd/locations/europe-west1/functions/revenueCatWebhook","buildConfig":{"runtime":"nodejs24","entryPoint":"revenueCatWebhook","source":{"storageSource":{"bucket":"gcf-v2-sources-504286284116-europe-west1","object":"revenueCatWebhook/function-source.zip","generation":"1786484207484572"}},"environmentVariables":{"GOOGLE_NODE_RUN_SCRIPTS":""},"serviceAccount":"projects/duoelo-987fd/serviceAccounts/504286284116-compute@developer.gserviceaccount.com","automaticUpdatePolicy":{}},"serviceConfig":{"service":"projects/duoelo-987fd/locations/europe-west1/services/revenuecatwebhook","timeoutSeconds":60,"environmentVariables":{"FIREBASE_CONFIG":"{\"projectId\":\"duoelo-987fd\",\"storageBucket\":\"duoelo-987fd.firebasestorage.app\"}","GCLOUD_PROJECT":"duoelo-987fd","EVENTARC_CLOUD_EVENT_SOURCE":"projects/duoelo-987fd/locations/europe-west1/services/revenueCatWebhook","FUNCTION_REGION":"europe-west1","FUNCTION_TARGET":"revenueCatWebhook","LOG_EXECUTION_ID":"true"},"ingressSettings":"ALLOW_ALL","serviceAccountEmail":"504286284116-compute@developer.gserviceaccount.com","availableMemory":"256Mi","maxInstanceRequestConcurrency":80,"availableCpu":"1"},"labels":{"deployment-tool":"cli-firebase","firebase-functions-hash":"56a3ed4ed98a7b7ef9b1bdf89f19909edb74522f"},"environment":"GEN_2"},"stages":[{"name":"BUILD","message":"Build in progress","state":"IN_PROGRESS","resource":"projects/504286284116/locations/europe-west1/builds/c166051b-df49-4f13-928c-2b786ba5024f","resourceUri":"https://console.cloud.google.com/cloud-build/builds;region=europe-west1/c166051b-df49-4f13-928c-2b786ba5024f?project=504286284116"},{"name":"SERVICE","state":"NOT_STARTED"}],"operationType":"CREATE_FUNCTION","buildName":"projects/504286284116/locations/europe-west1/builds/c166051b-df49-4f13-928c-2b786ba5024f"},"done":false}
[debug] [2026-08-11T21:40:10.201Z] [create-default-europe-west1-revenueCatWebhook] Retrying task index 0
[debug] [2026-08-11T21:40:10.202Z] Checked if tokens are valid: true, expires at: 1786485775867
[debug] [2026-08-11T21:40:10.202Z] Checked if tokens are valid: true, expires at: 1786485775867
[debug] [2026-08-11T21:40:10.202Z] >>> [apiv2][query] GET https://cloudfunctions.googleapis.com/v2/projects/duoelo-987fd/locations/europe-west1/operations/operation-1786484207120-658cc448ff1eb-1a143ea7-eb98343b [none]
[debug] [2026-08-11T21:40:10.458Z] <<< [apiv2][status] GET https://cloudfunctions.googleapis.com/v2/projects/duoelo-987fd/locations/europe-west1/operations/operation-1786484207120-658cc448ff1eb-1a143ea7-eb98343b 200
[debug] [2026-08-11T21:40:10.459Z] <<< [apiv2][body] GET https://cloudfunctions.googleapis.com/v2/projects/duoelo-987fd/locations/europe-west1/operations/operation-1786484207120-658cc448ff1eb-1a143ea7-eb98343b {"name":"projects/duoelo-987fd/locations/europe-west1/operations/operation-1786484207120-658cc448ff1eb-1a143ea7-eb98343b","metadata":{"@type":"type.googleapis.com/google.cloud.functions.v2.OperationMetadata","createTime":"2026-08-11T21:36:47.970702185Z","target":"projects/duoelo-987fd/locations/europe-west1/functions/revenueCatWebhook","verb":"create","cancelRequested":false,"apiVersion":"v2","requestResource":{"@type":"type.googleapis.com/google.cloud.functions.v2.Function","name":"projects/duoelo-987fd/locations/europe-west1/functions/revenueCatWebhook","buildConfig":{"runtime":"nodejs24","entryPoint":"revenueCatWebhook","source":{"storageSource":{"bucket":"gcf-v2-sources-504286284116-europe-west1","object":"revenueCatWebhook/function-source.zip","generation":"1786484207484572"}},"environmentVariables":{"GOOGLE_NODE_RUN_SCRIPTS":""},"serviceAccount":"projects/duoelo-987fd/serviceAccounts/504286284116-compute@developer.gserviceaccount.com","automaticUpdatePolicy":{}},"serviceConfig":{"service":"projects/duoelo-987fd/locations/europe-west1/services/revenuecatwebhook","timeoutSeconds":60,"environmentVariables":{"FIREBASE_CONFIG":"{\"projectId\":\"duoelo-987fd\",\"storageBucket\":\"duoelo-987fd.firebasestorage.app\"}","GCLOUD_PROJECT":"duoelo-987fd","EVENTARC_CLOUD_EVENT_SOURCE":"projects/duoelo-987fd/locations/europe-west1/services/revenueCatWebhook","FUNCTION_REGION":"europe-west1","FUNCTION_TARGET":"revenueCatWebhook","LOG_EXECUTION_ID":"true"},"ingressSettings":"ALLOW_ALL","serviceAccountEmail":"504286284116-compute@developer.gserviceaccount.com","availableMemory":"256Mi","maxInstanceRequestConcurrency":80,"availableCpu":"1"},"labels":{"deployment-tool":"cli-firebase","firebase-functions-hash":"56a3ed4ed98a7b7ef9b1bdf89f19909edb74522f"},"environment":"GEN_2"},"stages":[{"name":"BUILD","message":"Build in progress","state":"IN_PROGRESS","resource":"projects/504286284116/locations/europe-west1/builds/c166051b-df49-4f13-928c-2b786ba5024f","resourceUri":"https://console.cloud.google.com/cloud-build/builds;region=europe-west1/c166051b-df49-4f13-928c-2b786ba5024f?project=504286284116"},{"name":"SERVICE","state":"NOT_STARTED"}],"operationType":"CREATE_FUNCTION","buildName":"projects/504286284116/locations/europe-west1/builds/c166051b-df49-4f13-928c-2b786ba5024f"},"done":false}
[debug] [2026-08-11T21:40:20.459Z] [create-default-europe-west1-revenueCatWebhook] Retrying task index 0
[debug] [2026-08-11T21:40:20.459Z] Checked if tokens are valid: true, expires at: 1786485775867
[debug] [2026-08-11T21:40:20.459Z] Checked if tokens are valid: true, expires at: 1786485775867
[debug] [2026-08-11T21:40:20.459Z] >>> [apiv2][query] GET https://cloudfunctions.googleapis.com/v2/projects/duoelo-987fd/locations/europe-west1/operations/operation-1786484207120-658cc448ff1eb-1a143ea7-eb98343b [none]
[debug] [2026-08-11T21:40:20.696Z] <<< [apiv2][status] GET https://cloudfunctions.googleapis.com/v2/projects/duoelo-987fd/locations/europe-west1/operations/operation-1786484207120-658cc448ff1eb-1a143ea7-eb98343b 200
[debug] [2026-08-11T21:40:20.696Z] <<< [apiv2][body] GET https://cloudfunctions.googleapis.com/v2/projects/duoelo-987fd/locations/europe-west1/operations/operation-1786484207120-658cc448ff1eb-1a143ea7-eb98343b {"name":"projects/duoelo-987fd/locations/europe-west1/operations/operation-1786484207120-658cc448ff1eb-1a143ea7-eb98343b","metadata":{"@type":"type.googleapis.com/google.cloud.functions.v2.OperationMetadata","createTime":"2026-08-11T21:36:47.970702185Z","target":"projects/duoelo-987fd/locations/europe-west1/functions/revenueCatWebhook","verb":"create","cancelRequested":false,"apiVersion":"v2","requestResource":{"@type":"type.googleapis.com/google.cloud.functions.v2.Function","name":"projects/duoelo-987fd/locations/europe-west1/functions/revenueCatWebhook","buildConfig":{"runtime":"nodejs24","entryPoint":"revenueCatWebhook","source":{"storageSource":{"bucket":"gcf-v2-sources-504286284116-europe-west1","object":"revenueCatWebhook/function-source.zip","generation":"1786484207484572"}},"environmentVariables":{"GOOGLE_NODE_RUN_SCRIPTS":""},"serviceAccount":"projects/duoelo-987fd/serviceAccounts/504286284116-compute@developer.gserviceaccount.com","automaticUpdatePolicy":{}},"serviceConfig":{"service":"projects/duoelo-987fd/locations/europe-west1/services/revenuecatwebhook","timeoutSeconds":60,"environmentVariables":{"FIREBASE_CONFIG":"{\"projectId\":\"duoelo-987fd\",\"storageBucket\":\"duoelo-987fd.firebasestorage.app\"}","GCLOUD_PROJECT":"duoelo-987fd","EVENTARC_CLOUD_EVENT_SOURCE":"projects/duoelo-987fd/locations/europe-west1/services/revenueCatWebhook","FUNCTION_REGION":"europe-west1","FUNCTION_TARGET":"revenueCatWebhook","LOG_EXECUTION_ID":"true"},"ingressSettings":"ALLOW_ALL","serviceAccountEmail":"504286284116-compute@developer.gserviceaccount.com","availableMemory":"256Mi","maxInstanceRequestConcurrency":80,"availableCpu":"1"},"labels":{"deployment-tool":"cli-firebase","firebase-functions-hash":"56a3ed4ed98a7b7ef9b1bdf89f19909edb74522f"},"environment":"GEN_2"},"stages":[{"name":"BUILD","message":"Build in progress","state":"IN_PROGRESS","resource":"projects/504286284116/locations/europe-west1/builds/c166051b-df49-4f13-928c-2b786ba5024f","resourceUri":"https://console.cloud.google.com/cloud-build/builds;region=europe-west1/c166051b-df49-4f13-928c-2b786ba5024f?project=504286284116"},{"name":"SERVICE","state":"NOT_STARTED"}],"operationType":"CREATE_FUNCTION","buildName":"projects/504286284116/locations/europe-west1/builds/c166051b-df49-4f13-928c-2b786ba5024f"},"done":false}
[debug] [2026-08-11T21:40:30.697Z] [create-default-europe-west1-revenueCatWebhook] Retrying task index 0
[debug] [2026-08-11T21:40:30.697Z] Checked if tokens are valid: true, expires at: 1786485775867
[debug] [2026-08-11T21:40:30.697Z] Checked if tokens are valid: true, expires at: 1786485775867
[debug] [2026-08-11T21:40:30.697Z] >>> [apiv2][query] GET https://cloudfunctions.googleapis.com/v2/projects/duoelo-987fd/locations/europe-west1/operations/operation-1786484207120-658cc448ff1eb-1a143ea7-eb98343b [none]
[debug] [2026-08-11T21:40:31.050Z] <<< [apiv2][status] GET https://cloudfunctions.googleapis.com/v2/projects/duoelo-987fd/locations/europe-west1/operations/operation-1786484207120-658cc448ff1eb-1a143ea7-eb98343b 200
[debug] [2026-08-11T21:40:31.051Z] <<< [apiv2][body] GET https://cloudfunctions.googleapis.com/v2/projects/duoelo-987fd/locations/europe-west1/operations/operation-1786484207120-658cc448ff1eb-1a143ea7-eb98343b {"name":"projects/duoelo-987fd/locations/europe-west1/operations/operation-1786484207120-658cc448ff1eb-1a143ea7-eb98343b","metadata":{"@type":"type.googleapis.com/google.cloud.functions.v2.OperationMetadata","createTime":"2026-08-11T21:36:47.970702185Z","target":"projects/duoelo-987fd/locations/europe-west1/functions/revenueCatWebhook","verb":"create","cancelRequested":false,"apiVersion":"v2","requestResource":{"@type":"type.googleapis.com/google.cloud.functions.v2.Function","name":"projects/duoelo-987fd/locations/europe-west1/functions/revenueCatWebhook","buildConfig":{"runtime":"nodejs24","entryPoint":"revenueCatWebhook","source":{"storageSource":{"bucket":"gcf-v2-sources-504286284116-europe-west1","object":"revenueCatWebhook/function-source.zip","generation":"1786484207484572"}},"environmentVariables":{"GOOGLE_NODE_RUN_SCRIPTS":""},"serviceAccount":"projects/duoelo-987fd/serviceAccounts/504286284116-compute@developer.gserviceaccount.com","automaticUpdatePolicy":{}},"serviceConfig":{"service":"projects/duoelo-987fd/locations/europe-west1/services/revenuecatwebhook","timeoutSeconds":60,"environmentVariables":{"FIREBASE_CONFIG":"{\"projectId\":\"duoelo-987fd\",\"storageBucket\":\"duoelo-987fd.firebasestorage.app\"}","GCLOUD_PROJECT":"duoelo-987fd","EVENTARC_CLOUD_EVENT_SOURCE":"projects/duoelo-987fd/locations/europe-west1/services/revenueCatWebhook","FUNCTION_REGION":"europe-west1","FUNCTION_TARGET":"revenueCatWebhook","LOG_EXECUTION_ID":"true"},"ingressSettings":"ALLOW_ALL","serviceAccountEmail":"504286284116-compute@developer.gserviceaccount.com","availableMemory":"256Mi","maxInstanceRequestConcurrency":80,"availableCpu":"1"},"labels":{"deployment-tool":"cli-firebase","firebase-functions-hash":"56a3ed4ed98a7b7ef9b1bdf89f19909edb74522f"},"environment":"GEN_2"},"stages":[{"name":"BUILD","message":"Build in progress","state":"IN_PROGRESS","resource":"projects/504286284116/locations/europe-west1/builds/c166051b-df49-4f13-928c-2b786ba5024f","resourceUri":"https://console.cloud.google.com/cloud-build/builds;region=europe-west1/c166051b-df49-4f13-928c-2b786ba5024f?project=504286284116"},{"name":"SERVICE","state":"NOT_STARTED"}],"operationType":"CREATE_FUNCTION","buildName":"projects/504286284116/locations/europe-west1/builds/c166051b-df49-4f13-928c-2b786ba5024f"},"done":false}
[debug] [2026-08-11T21:40:41.052Z] [create-default-europe-west1-revenueCatWebhook] Retrying task index 0
[debug] [2026-08-11T21:40:41.052Z] Checked if tokens are valid: true, expires at: 1786485775867
[debug] [2026-08-11T21:40:41.052Z] Checked if tokens are valid: true, expires at: 1786485775867
[debug] [2026-08-11T21:40:41.052Z] >>> [apiv2][query] GET https://cloudfunctions.googleapis.com/v2/projects/duoelo-987fd/locations/europe-west1/operations/operation-1786484207120-658cc448ff1eb-1a143ea7-eb98343b [none]
[debug] [2026-08-11T21:40:41.259Z] <<< [apiv2][status] GET https://cloudfunctions.googleapis.com/v2/projects/duoelo-987fd/locations/europe-west1/operations/operation-1786484207120-658cc448ff1eb-1a143ea7-eb98343b 200
[debug] [2026-08-11T21:40:41.259Z] <<< [apiv2][body] GET https://cloudfunctions.googleapis.com/v2/projects/duoelo-987fd/locations/europe-west1/operations/operation-1786484207120-658cc448ff1eb-1a143ea7-eb98343b {"name":"projects/duoelo-987fd/locations/europe-west1/operations/operation-1786484207120-658cc448ff1eb-1a143ea7-eb98343b","metadata":{"@type":"type.googleapis.com/google.cloud.functions.v2.OperationMetadata","createTime":"2026-08-11T21:36:47.970702185Z","target":"projects/duoelo-987fd/locations/europe-west1/functions/revenueCatWebhook","verb":"create","cancelRequested":false,"apiVersion":"v2","requestResource":{"@type":"type.googleapis.com/google.cloud.functions.v2.Function","name":"projects/duoelo-987fd/locations/europe-west1/functions/revenueCatWebhook","buildConfig":{"runtime":"nodejs24","entryPoint":"revenueCatWebhook","source":{"storageSource":{"bucket":"gcf-v2-sources-504286284116-europe-west1","object":"revenueCatWebhook/function-source.zip","generation":"1786484207484572"}},"environmentVariables":{"GOOGLE_NODE_RUN_SCRIPTS":""},"serviceAccount":"projects/duoelo-987fd/serviceAccounts/504286284116-compute@developer.gserviceaccount.com","automaticUpdatePolicy":{}},"serviceConfig":{"service":"projects/duoelo-987fd/locations/europe-west1/services/revenuecatwebhook","timeoutSeconds":60,"environmentVariables":{"FIREBASE_CONFIG":"{\"projectId\":\"duoelo-987fd\",\"storageBucket\":\"duoelo-987fd.firebasestorage.app\"}","GCLOUD_PROJECT":"duoelo-987fd","EVENTARC_CLOUD_EVENT_SOURCE":"projects/duoelo-987fd/locations/europe-west1/services/revenueCatWebhook","FUNCTION_REGION":"europe-west1","FUNCTION_TARGET":"revenueCatWebhook","LOG_EXECUTION_ID":"true"},"ingressSettings":"ALLOW_ALL","serviceAccountEmail":"504286284116-compute@developer.gserviceaccount.com","availableMemory":"256Mi","maxInstanceRequestConcurrency":80,"availableCpu":"1"},"labels":{"deployment-tool":"cli-firebase","firebase-functions-hash":"56a3ed4ed98a7b7ef9b1bdf89f19909edb74522f"},"environment":"GEN_2"},"stages":[{"name":"BUILD","message":"Build in progress","state":"IN_PROGRESS","resource":"projects/504286284116/locations/europe-west1/builds/c166051b-df49-4f13-928c-2b786ba5024f","resourceUri":"https://console.cloud.google.com/cloud-build/builds;region=europe-west1/c166051b-df49-4f13-928c-2b786ba5024f?project=504286284116"},{"name":"SERVICE","state":"NOT_STARTED"}],"operationType":"CREATE_FUNCTION","buildName":"projects/504286284116/locations/europe-west1/builds/c166051b-df49-4f13-928c-2b786ba5024f"},"done":false}
[debug] [2026-08-11T21:40:51.260Z] [create-default-europe-west1-revenueCatWebhook] Retrying task index 0
[debug] [2026-08-11T21:40:51.260Z] Checked if tokens are valid: true, expires at: 1786485775867
[debug] [2026-08-11T21:40:51.260Z] Checked if tokens are valid: true, expires at: 1786485775867
[debug] [2026-08-11T21:40:51.260Z] >>> [apiv2][query] GET https://cloudfunctions.googleapis.com/v2/projects/duoelo-987fd/locations/europe-west1/operations/operation-1786484207120-658cc448ff1eb-1a143ea7-eb98343b [none]
[debug] [2026-08-11T21:40:51.526Z] <<< [apiv2][status] GET https://cloudfunctions.googleapis.com/v2/projects/duoelo-987fd/locations/europe-west1/operations/operation-1786484207120-658cc448ff1eb-1a143ea7-eb98343b 200
[debug] [2026-08-11T21:40:51.526Z] <<< [apiv2][body] GET https://cloudfunctions.googleapis.com/v2/projects/duoelo-987fd/locations/europe-west1/operations/operation-1786484207120-658cc448ff1eb-1a143ea7-eb98343b {"name":"projects/duoelo-987fd/locations/europe-west1/operations/operation-1786484207120-658cc448ff1eb-1a143ea7-eb98343b","metadata":{"@type":"type.googleapis.com/google.cloud.functions.v2.OperationMetadata","createTime":"2026-08-11T21:36:47.970702185Z","target":"projects/duoelo-987fd/locations/europe-west1/functions/revenueCatWebhook","verb":"create","cancelRequested":false,"apiVersion":"v2","requestResource":{"@type":"type.googleapis.com/google.cloud.functions.v2.Function","name":"projects/duoelo-987fd/locations/europe-west1/functions/revenueCatWebhook","buildConfig":{"runtime":"nodejs24","entryPoint":"revenueCatWebhook","source":{"storageSource":{"bucket":"gcf-v2-sources-504286284116-europe-west1","object":"revenueCatWebhook/function-source.zip","generation":"1786484207484572"}},"environmentVariables":{"GOOGLE_NODE_RUN_SCRIPTS":""},"serviceAccount":"projects/duoelo-987fd/serviceAccounts/504286284116-compute@developer.gserviceaccount.com","automaticUpdatePolicy":{}},"serviceConfig":{"service":"projects/duoelo-987fd/locations/europe-west1/services/revenuecatwebhook","timeoutSeconds":60,"environmentVariables":{"FIREBASE_CONFIG":"{\"projectId\":\"duoelo-987fd\",\"storageBucket\":\"duoelo-987fd.firebasestorage.app\"}","GCLOUD_PROJECT":"duoelo-987fd","EVENTARC_CLOUD_EVENT_SOURCE":"projects/duoelo-987fd/locations/europe-west1/services/revenueCatWebhook","FUNCTION_REGION":"europe-west1","FUNCTION_TARGET":"revenueCatWebhook","LOG_EXECUTION_ID":"true"},"ingressSettings":"ALLOW_ALL","serviceAccountEmail":"504286284116-compute@developer.gserviceaccount.com","availableMemory":"256Mi","maxInstanceRequestConcurrency":80,"availableCpu":"1"},"labels":{"deployment-tool":"cli-firebase","firebase-functions-hash":"56a3ed4ed98a7b7ef9b1bdf89f19909edb74522f"},"environment":"GEN_2"},"stages":[{"name":"BUILD","message":"Build in progress","state":"IN_PROGRESS","resource":"projects/504286284116/locations/europe-west1/builds/c166051b-df49-4f13-928c-2b786ba5024f","resourceUri":"https://console.cloud.google.com/cloud-build/builds;region=europe-west1/c166051b-df49-4f13-928c-2b786ba5024f?project=504286284116"},{"name":"SERVICE","state":"NOT_STARTED"}],"operationType":"CREATE_FUNCTION","buildName":"projects/504286284116/locations/europe-west1/builds/c166051b-df49-4f13-928c-2b786ba5024f"},"done":false}
[debug] [2026-08-11T21:41:01.526Z] [create-default-europe-west1-revenueCatWebhook] Retrying task index 0
[debug] [2026-08-11T21:41:01.526Z] Checked if tokens are valid: true, expires at: 1786485775867
[debug] [2026-08-11T21:41:01.526Z] Checked if tokens are valid: true, expires at: 1786485775867
[debug] [2026-08-11T21:41:01.526Z] >>> [apiv2][query] GET https://cloudfunctions.googleapis.com/v2/projects/duoelo-987fd/locations/europe-west1/operations/operation-1786484207120-658cc448ff1eb-1a143ea7-eb98343b [none]
[debug] [2026-08-11T21:41:01.953Z] <<< [apiv2][status] GET https://cloudfunctions.googleapis.com/v2/projects/duoelo-987fd/locations/europe-west1/operations/operation-1786484207120-658cc448ff1eb-1a143ea7-eb98343b 200
[debug] [2026-08-11T21:41:01.953Z] <<< [apiv2][body] GET https://cloudfunctions.googleapis.com/v2/projects/duoelo-987fd/locations/europe-west1/operations/operation-1786484207120-658cc448ff1eb-1a143ea7-eb98343b {"name":"projects/duoelo-987fd/locations/europe-west1/operations/operation-1786484207120-658cc448ff1eb-1a143ea7-eb98343b","metadata":{"@type":"type.googleapis.com/google.cloud.functions.v2.OperationMetadata","createTime":"2026-08-11T21:36:47.970702185Z","target":"projects/duoelo-987fd/locations/europe-west1/functions/revenueCatWebhook","verb":"create","cancelRequested":false,"apiVersion":"v2","requestResource":{"@type":"type.googleapis.com/google.cloud.functions.v2.Function","name":"projects/duoelo-987fd/locations/europe-west1/functions/revenueCatWebhook","buildConfig":{"runtime":"nodejs24","entryPoint":"revenueCatWebhook","source":{"storageSource":{"bucket":"gcf-v2-sources-504286284116-europe-west1","object":"revenueCatWebhook/function-source.zip","generation":"1786484207484572"}},"environmentVariables":{"GOOGLE_NODE_RUN_SCRIPTS":""},"serviceAccount":"projects/duoelo-987fd/serviceAccounts/504286284116-compute@developer.gserviceaccount.com","automaticUpdatePolicy":{}},"serviceConfig":{"service":"projects/duoelo-987fd/locations/europe-west1/services/revenuecatwebhook","timeoutSeconds":60,"environmentVariables":{"FIREBASE_CONFIG":"{\"projectId\":\"duoelo-987fd\",\"storageBucket\":\"duoelo-987fd.firebasestorage.app\"}","GCLOUD_PROJECT":"duoelo-987fd","EVENTARC_CLOUD_EVENT_SOURCE":"projects/duoelo-987fd/locations/europe-west1/services/revenueCatWebhook","FUNCTION_REGION":"europe-west1","FUNCTION_TARGET":"revenueCatWebhook","LOG_EXECUTION_ID":"true"},"ingressSettings":"ALLOW_ALL","serviceAccountEmail":"504286284116-compute@developer.gserviceaccount.com","availableMemory":"256Mi","maxInstanceRequestConcurrency":80,"availableCpu":"1"},"labels":{"deployment-tool":"cli-firebase","firebase-functions-hash":"56a3ed4ed98a7b7ef9b1bdf89f19909edb74522f"},"environment":"GEN_2"},"stages":[{"name":"BUILD","message":"Build in progress","state":"IN_PROGRESS","resource":"projects/504286284116/locations/europe-west1/builds/c166051b-df49-4f13-928c-2b786ba5024f","resourceUri":"https://console.cloud.google.com/cloud-build/builds;region=europe-west1/c166051b-df49-4f13-928c-2b786ba5024f?project=504286284116"},{"name":"SERVICE","state":"NOT_STARTED"}],"operationType":"CREATE_FUNCTION","buildName":"projects/504286284116/locations/europe-west1/builds/c166051b-df49-4f13-928c-2b786ba5024f"},"done":false}
[debug] [2026-08-11T21:41:11.954Z] [create-default-europe-west1-revenueCatWebhook] Retrying task index 0
[debug] [2026-08-11T21:41:11.954Z] Checked if tokens are valid: true, expires at: 1786485775867
[debug] [2026-08-11T21:41:11.954Z] Checked if tokens are valid: true, expires at: 1786485775867
[debug] [2026-08-11T21:41:11.954Z] >>> [apiv2][query] GET https://cloudfunctions.googleapis.com/v2/projects/duoelo-987fd/locations/europe-west1/operations/operation-1786484207120-658cc448ff1eb-1a143ea7-eb98343b [none]
[debug] [2026-08-11T21:41:12.526Z] <<< [apiv2][status] GET https://cloudfunctions.googleapis.com/v2/projects/duoelo-987fd/locations/europe-west1/operations/operation-1786484207120-658cc448ff1eb-1a143ea7-eb98343b 200
[debug] [2026-08-11T21:41:12.526Z] <<< [apiv2][body] GET https://cloudfunctions.googleapis.com/v2/projects/duoelo-987fd/locations/europe-west1/operations/operation-1786484207120-658cc448ff1eb-1a143ea7-eb98343b {"name":"projects/duoelo-987fd/locations/europe-west1/operations/operation-1786484207120-658cc448ff1eb-1a143ea7-eb98343b","metadata":{"@type":"type.googleapis.com/google.cloud.functions.v2.OperationMetadata","createTime":"2026-08-11T21:36:47.970702185Z","target":"projects/duoelo-987fd/locations/europe-west1/functions/revenueCatWebhook","verb":"create","cancelRequested":false,"apiVersion":"v2","requestResource":{"@type":"type.googleapis.com/google.cloud.functions.v2.Function","name":"projects/duoelo-987fd/locations/europe-west1/functions/revenueCatWebhook","buildConfig":{"runtime":"nodejs24","entryPoint":"revenueCatWebhook","source":{"storageSource":{"bucket":"gcf-v2-sources-504286284116-europe-west1","object":"revenueCatWebhook/function-source.zip","generation":"1786484207484572"}},"environmentVariables":{"GOOGLE_NODE_RUN_SCRIPTS":""},"serviceAccount":"projects/duoelo-987fd/serviceAccounts/504286284116-compute@developer.gserviceaccount.com","automaticUpdatePolicy":{}},"serviceConfig":{"service":"projects/duoelo-987fd/locations/europe-west1/services/revenuecatwebhook","timeoutSeconds":60,"environmentVariables":{"FIREBASE_CONFIG":"{\"projectId\":\"duoelo-987fd\",\"storageBucket\":\"duoelo-987fd.firebasestorage.app\"}","GCLOUD_PROJECT":"duoelo-987fd","EVENTARC_CLOUD_EVENT_SOURCE":"projects/duoelo-987fd/locations/europe-west1/services/revenueCatWebhook","FUNCTION_REGION":"europe-west1","FUNCTION_TARGET":"revenueCatWebhook","LOG_EXECUTION_ID":"true"},"ingressSettings":"ALLOW_ALL","serviceAccountEmail":"504286284116-compute@developer.gserviceaccount.com","availableMemory":"256Mi","maxInstanceRequestConcurrency":80,"availableCpu":"1"},"labels":{"deployment-tool":"cli-firebase","firebase-functions-hash":"56a3ed4ed98a7b7ef9b1bdf89f19909edb74522f"},"environment":"GEN_2"},"stages":[{"name":"BUILD","message":"Build in progress","state":"IN_PROGRESS","resource":"projects/504286284116/locations/europe-west1/builds/c166051b-df49-4f13-928c-2b786ba5024f","resourceUri":"https://console.cloud.google.com/cloud-build/builds;region=europe-west1/c166051b-df49-4f13-928c-2b786ba5024f?project=504286284116"},{"name":"SERVICE","state":"NOT_STARTED"}],"operationType":"CREATE_FUNCTION","buildName":"projects/504286284116/locations/europe-west1/builds/c166051b-df49-4f13-928c-2b786ba5024f"},"done":false}
[debug] [2026-08-11T21:41:22.527Z] [create-default-europe-west1-revenueCatWebhook] Retrying task index 0
[debug] [2026-08-11T21:41:22.528Z] Checked if tokens are valid: true, expires at: 1786485775867
[debug] [2026-08-11T21:41:22.528Z] Checked if tokens are valid: true, expires at: 1786485775867
[debug] [2026-08-11T21:41:22.528Z] >>> [apiv2][query] GET https://cloudfunctions.googleapis.com/v2/projects/duoelo-987fd/locations/europe-west1/operations/operation-1786484207120-658cc448ff1eb-1a143ea7-eb98343b [none]
[debug] [2026-08-11T21:41:22.825Z] <<< [apiv2][status] GET https://cloudfunctions.googleapis.com/v2/projects/duoelo-987fd/locations/europe-west1/operations/operation-1786484207120-658cc448ff1eb-1a143ea7-eb98343b 200
[debug] [2026-08-11T21:41:22.825Z] <<< [apiv2][body] GET https://cloudfunctions.googleapis.com/v2/projects/duoelo-987fd/locations/europe-west1/operations/operation-1786484207120-658cc448ff1eb-1a143ea7-eb98343b {"name":"projects/duoelo-987fd/locations/europe-west1/operations/operation-1786484207120-658cc448ff1eb-1a143ea7-eb98343b","metadata":{"@type":"type.googleapis.com/google.cloud.functions.v2.OperationMetadata","createTime":"2026-08-11T21:36:47.970702185Z","target":"projects/duoelo-987fd/locations/europe-west1/functions/revenueCatWebhook","verb":"create","cancelRequested":false,"apiVersion":"v2","requestResource":{"@type":"type.googleapis.com/google.cloud.functions.v2.Function","name":"projects/duoelo-987fd/locations/europe-west1/functions/revenueCatWebhook","buildConfig":{"runtime":"nodejs24","entryPoint":"revenueCatWebhook","source":{"storageSource":{"bucket":"gcf-v2-sources-504286284116-europe-west1","object":"revenueCatWebhook/function-source.zip","generation":"1786484207484572"}},"environmentVariables":{"GOOGLE_NODE_RUN_SCRIPTS":""},"serviceAccount":"projects/duoelo-987fd/serviceAccounts/504286284116-compute@developer.gserviceaccount.com","automaticUpdatePolicy":{}},"serviceConfig":{"service":"projects/duoelo-987fd/locations/europe-west1/services/revenuecatwebhook","timeoutSeconds":60,"environmentVariables":{"FIREBASE_CONFIG":"{\"projectId\":\"duoelo-987fd\",\"storageBucket\":\"duoelo-987fd.firebasestorage.app\"}","GCLOUD_PROJECT":"duoelo-987fd","EVENTARC_CLOUD_EVENT_SOURCE":"projects/duoelo-987fd/locations/europe-west1/services/revenueCatWebhook","FUNCTION_REGION":"europe-west1","FUNCTION_TARGET":"revenueCatWebhook","LOG_EXECUTION_ID":"true"},"ingressSettings":"ALLOW_ALL","serviceAccountEmail":"504286284116-compute@developer.gserviceaccount.com","availableMemory":"256Mi","maxInstanceRequestConcurrency":80,"availableCpu":"1"},"labels":{"deployment-tool":"cli-firebase","firebase-functions-hash":"56a3ed4ed98a7b7ef9b1bdf89f19909edb74522f"},"environment":"GEN_2"},"stages":[{"name":"BUILD","message":"Build in progress","state":"IN_PROGRESS","resource":"projects/504286284116/locations/europe-west1/builds/c166051b-df49-4f13-928c-2b786ba5024f","resourceUri":"https://console.cloud.google.com/cloud-build/builds;region=europe-west1/c166051b-df49-4f13-928c-2b786ba5024f?project=504286284116"},{"name":"SERVICE","state":"NOT_STARTED"}],"operationType":"CREATE_FUNCTION","buildName":"projects/504286284116/locations/europe-west1/builds/c166051b-df49-4f13-928c-2b786ba5024f"},"done":false}
[debug] [2026-08-11T21:41:32.825Z] [create-default-europe-west1-revenueCatWebhook] Retrying task index 0
[debug] [2026-08-11T21:41:32.825Z] Checked if tokens are valid: true, expires at: 1786485775867
[debug] [2026-08-11T21:41:32.825Z] Checked if tokens are valid: true, expires at: 1786485775867
[debug] [2026-08-11T21:41:32.826Z] >>> [apiv2][query] GET https://cloudfunctions.googleapis.com/v2/projects/duoelo-987fd/locations/europe-west1/operations/operation-1786484207120-658cc448ff1eb-1a143ea7-eb98343b [none]
[debug] [2026-08-11T21:41:33.183Z] <<< [apiv2][status] GET https://cloudfunctions.googleapis.com/v2/projects/duoelo-987fd/locations/europe-west1/operations/operation-1786484207120-658cc448ff1eb-1a143ea7-eb98343b 200
[debug] [2026-08-11T21:41:33.183Z] <<< [apiv2][body] GET https://cloudfunctions.googleapis.com/v2/projects/duoelo-987fd/locations/europe-west1/operations/operation-1786484207120-658cc448ff1eb-1a143ea7-eb98343b {"name":"projects/duoelo-987fd/locations/europe-west1/operations/operation-1786484207120-658cc448ff1eb-1a143ea7-eb98343b","metadata":{"@type":"type.googleapis.com/google.cloud.functions.v2.OperationMetadata","createTime":"2026-08-11T21:36:47.970702185Z","target":"projects/duoelo-987fd/locations/europe-west1/functions/revenueCatWebhook","verb":"create","cancelRequested":false,"apiVersion":"v2","requestResource":{"@type":"type.googleapis.com/google.cloud.functions.v2.Function","name":"projects/duoelo-987fd/locations/europe-west1/functions/revenueCatWebhook","buildConfig":{"runtime":"nodejs24","entryPoint":"revenueCatWebhook","source":{"storageSource":{"bucket":"gcf-v2-sources-504286284116-europe-west1","object":"revenueCatWebhook/function-source.zip","generation":"1786484207484572"}},"environmentVariables":{"GOOGLE_NODE_RUN_SCRIPTS":""},"serviceAccount":"projects/duoelo-987fd/serviceAccounts/504286284116-compute@developer.gserviceaccount.com","automaticUpdatePolicy":{}},"serviceConfig":{"service":"projects/duoelo-987fd/locations/europe-west1/services/revenuecatwebhook","timeoutSeconds":60,"environmentVariables":{"FIREBASE_CONFIG":"{\"projectId\":\"duoelo-987fd\",\"storageBucket\":\"duoelo-987fd.firebasestorage.app\"}","GCLOUD_PROJECT":"duoelo-987fd","EVENTARC_CLOUD_EVENT_SOURCE":"projects/duoelo-987fd/locations/europe-west1/services/revenueCatWebhook","FUNCTION_REGION":"europe-west1","FUNCTION_TARGET":"revenueCatWebhook","LOG_EXECUTION_ID":"true"},"ingressSettings":"ALLOW_ALL","serviceAccountEmail":"504286284116-compute@developer.gserviceaccount.com","availableMemory":"256Mi","maxInstanceRequestConcurrency":80,"availableCpu":"1"},"labels":{"deployment-tool":"cli-firebase","firebase-functions-hash":"56a3ed4ed98a7b7ef9b1bdf89f19909edb74522f"},"environment":"GEN_2"},"stages":[{"name":"BUILD","message":"Build in progress","state":"IN_PROGRESS","resource":"projects/504286284116/locations/europe-west1/builds/c166051b-df49-4f13-928c-2b786ba5024f","resourceUri":"https://console.cloud.google.com/cloud-build/builds;region=europe-west1/c166051b-df49-4f13-928c-2b786ba5024f?project=504286284116"},{"name":"SERVICE","state":"NOT_STARTED"}],"operationType":"CREATE_FUNCTION","buildName":"projects/504286284116/locations/europe-west1/builds/c166051b-df49-4f13-928c-2b786ba5024f"},"done":false}
[debug] [2026-08-11T21:41:43.184Z] [create-default-europe-west1-revenueCatWebhook] Retrying task index 0
[debug] [2026-08-11T21:41:43.184Z] Checked if tokens are valid: true, expires at: 1786485775867
[debug] [2026-08-11T21:41:43.184Z] Checked if tokens are valid: true, expires at: 1786485775867
[debug] [2026-08-11T21:41:43.184Z] >>> [apiv2][query] GET https://cloudfunctions.googleapis.com/v2/projects/duoelo-987fd/locations/europe-west1/operations/operation-1786484207120-658cc448ff1eb-1a143ea7-eb98343b [none]
[debug] [2026-08-11T21:41:43.324Z] <<< [apiv2][status] GET https://cloudfunctions.googleapis.com/v2/projects/duoelo-987fd/locations/europe-west1/operations/operation-1786484207120-658cc448ff1eb-1a143ea7-eb98343b 200
[debug] [2026-08-11T21:41:43.324Z] <<< [apiv2][body] GET https://cloudfunctions.googleapis.com/v2/projects/duoelo-987fd/locations/europe-west1/operations/operation-1786484207120-658cc448ff1eb-1a143ea7-eb98343b {"name":"projects/duoelo-987fd/locations/europe-west1/operations/operation-1786484207120-658cc448ff1eb-1a143ea7-eb98343b","metadata":{"@type":"type.googleapis.com/google.cloud.functions.v2.OperationMetadata","createTime":"2026-08-11T21:36:47.970702185Z","target":"projects/duoelo-987fd/locations/europe-west1/functions/revenueCatWebhook","verb":"create","cancelRequested":false,"apiVersion":"v2","requestResource":{"@type":"type.googleapis.com/google.cloud.functions.v2.Function","name":"projects/duoelo-987fd/locations/europe-west1/functions/revenueCatWebhook","buildConfig":{"runtime":"nodejs24","entryPoint":"revenueCatWebhook","source":{"storageSource":{"bucket":"gcf-v2-sources-504286284116-europe-west1","object":"revenueCatWebhook/function-source.zip","generation":"1786484207484572"}},"environmentVariables":{"GOOGLE_NODE_RUN_SCRIPTS":""},"serviceAccount":"projects/duoelo-987fd/serviceAccounts/504286284116-compute@developer.gserviceaccount.com","automaticUpdatePolicy":{}},"serviceConfig":{"service":"projects/duoelo-987fd/locations/europe-west1/services/revenuecatwebhook","timeoutSeconds":60,"environmentVariables":{"FIREBASE_CONFIG":"{\"projectId\":\"duoelo-987fd\",\"storageBucket\":\"duoelo-987fd.firebasestorage.app\"}","GCLOUD_PROJECT":"duoelo-987fd","EVENTARC_CLOUD_EVENT_SOURCE":"projects/duoelo-987fd/locations/europe-west1/services/revenueCatWebhook","FUNCTION_REGION":"europe-west1","FUNCTION_TARGET":"revenueCatWebhook","LOG_EXECUTION_ID":"true"},"ingressSettings":"ALLOW_ALL","serviceAccountEmail":"504286284116-compute@developer.gserviceaccount.com","availableMemory":"256Mi","maxInstanceRequestConcurrency":80,"availableCpu":"1"},"labels":{"deployment-tool":"cli-firebase","firebase-functions-hash":"56a3ed4ed98a7b7ef9b1bdf89f19909edb74522f"},"environment":"GEN_2"},"stages":[{"name":"BUILD","message":"Build in progress","state":"IN_PROGRESS","resource":"projects/504286284116/locations/europe-west1/builds/c166051b-df49-4f13-928c-2b786ba5024f","resourceUri":"https://console.cloud.google.com/cloud-build/builds;region=europe-west1/c166051b-df49-4f13-928c-2b786ba5024f?project=504286284116"},{"name":"SERVICE","state":"NOT_STARTED"}],"operationType":"CREATE_FUNCTION","buildName":"projects/504286284116/locations/europe-west1/builds/c166051b-df49-4f13-928c-2b786ba5024f"},"done":false}
[debug] [2026-08-11T21:41:53.325Z] [create-default-europe-west1-revenueCatWebhook] Retrying task index 0
[debug] [2026-08-11T21:41:53.325Z] Checked if tokens are valid: true, expires at: 1786485775867
[debug] [2026-08-11T21:41:53.325Z] Checked if tokens are valid: true, expires at: 1786485775867
[debug] [2026-08-11T21:41:53.325Z] >>> [apiv2][query] GET https://cloudfunctions.googleapis.com/v2/projects/duoelo-987fd/locations/europe-west1/operations/operation-1786484207120-658cc448ff1eb-1a143ea7-eb98343b [none]
[debug] [2026-08-11T21:41:53.478Z] <<< [apiv2][status] GET https://cloudfunctions.googleapis.com/v2/projects/duoelo-987fd/locations/europe-west1/operations/operation-1786484207120-658cc448ff1eb-1a143ea7-eb98343b 200
[debug] [2026-08-11T21:41:53.478Z] <<< [apiv2][body] GET https://cloudfunctions.googleapis.com/v2/projects/duoelo-987fd/locations/europe-west1/operations/operation-1786484207120-658cc448ff1eb-1a143ea7-eb98343b {"name":"projects/duoelo-987fd/locations/europe-west1/operations/operation-1786484207120-658cc448ff1eb-1a143ea7-eb98343b","metadata":{"@type":"type.googleapis.com/google.cloud.functions.v2.OperationMetadata","createTime":"2026-08-11T21:36:47.970702185Z","target":"projects/duoelo-987fd/locations/europe-west1/functions/revenueCatWebhook","verb":"create","cancelRequested":false,"apiVersion":"v2","requestResource":{"@type":"type.googleapis.com/google.cloud.functions.v2.Function","name":"projects/duoelo-987fd/locations/europe-west1/functions/revenueCatWebhook","buildConfig":{"runtime":"nodejs24","entryPoint":"revenueCatWebhook","source":{"storageSource":{"bucket":"gcf-v2-sources-504286284116-europe-west1","object":"revenueCatWebhook/function-source.zip","generation":"1786484207484572"}},"environmentVariables":{"GOOGLE_NODE_RUN_SCRIPTS":""},"serviceAccount":"projects/duoelo-987fd/serviceAccounts/504286284116-compute@developer.gserviceaccount.com","automaticUpdatePolicy":{}},"serviceConfig":{"service":"projects/duoelo-987fd/locations/europe-west1/services/revenuecatwebhook","timeoutSeconds":60,"environmentVariables":{"FIREBASE_CONFIG":"{\"projectId\":\"duoelo-987fd\",\"storageBucket\":\"duoelo-987fd.firebasestorage.app\"}","GCLOUD_PROJECT":"duoelo-987fd","EVENTARC_CLOUD_EVENT_SOURCE":"projects/duoelo-987fd/locations/europe-west1/services/revenueCatWebhook","FUNCTION_REGION":"europe-west1","FUNCTION_TARGET":"revenueCatWebhook","LOG_EXECUTION_ID":"true"},"ingressSettings":"ALLOW_ALL","serviceAccountEmail":"504286284116-compute@developer.gserviceaccount.com","availableMemory":"256Mi","maxInstanceRequestConcurrency":80,"availableCpu":"1"},"labels":{"deployment-tool":"cli-firebase","firebase-functions-hash":"56a3ed4ed98a7b7ef9b1bdf89f19909edb74522f"},"environment":"GEN_2"},"stages":[{"name":"BUILD","message":"Build in progress","state":"IN_PROGRESS","resource":"projects/504286284116/locations/europe-west1/builds/c166051b-df49-4f13-928c-2b786ba5024f","resourceUri":"https://console.cloud.google.com/cloud-build/builds;region=europe-west1/c166051b-df49-4f13-928c-2b786ba5024f?project=504286284116"},{"name":"SERVICE","state":"NOT_STARTED"}],"operationType":"CREATE_FUNCTION","buildName":"projects/504286284116/locations/europe-west1/builds/c166051b-df49-4f13-928c-2b786ba5024f"},"done":false}
[debug] [2026-08-11T21:42:03.479Z] [create-default-europe-west1-revenueCatWebhook] Retrying task index 0
[debug] [2026-08-11T21:42:03.479Z] Checked if tokens are valid: true, expires at: 1786485775867
[debug] [2026-08-11T21:42:03.479Z] Checked if tokens are valid: true, expires at: 1786485775867
[debug] [2026-08-11T21:42:03.479Z] >>> [apiv2][query] GET https://cloudfunctions.googleapis.com/v2/projects/duoelo-987fd/locations/europe-west1/operations/operation-1786484207120-658cc448ff1eb-1a143ea7-eb98343b [none]
[debug] [2026-08-11T21:42:03.786Z] <<< [apiv2][status] GET https://cloudfunctions.googleapis.com/v2/projects/duoelo-987fd/locations/europe-west1/operations/operation-1786484207120-658cc448ff1eb-1a143ea7-eb98343b 200
[debug] [2026-08-11T21:42:03.787Z] <<< [apiv2][body] GET https://cloudfunctions.googleapis.com/v2/projects/duoelo-987fd/locations/europe-west1/operations/operation-1786484207120-658cc448ff1eb-1a143ea7-eb98343b {"name":"projects/duoelo-987fd/locations/europe-west1/operations/operation-1786484207120-658cc448ff1eb-1a143ea7-eb98343b","metadata":{"@type":"type.googleapis.com/google.cloud.functions.v2.OperationMetadata","createTime":"2026-08-11T21:36:47.970702185Z","target":"projects/duoelo-987fd/locations/europe-west1/functions/revenueCatWebhook","verb":"create","cancelRequested":false,"apiVersion":"v2","requestResource":{"@type":"type.googleapis.com/google.cloud.functions.v2.Function","name":"projects/duoelo-987fd/locations/europe-west1/functions/revenueCatWebhook","buildConfig":{"runtime":"nodejs24","entryPoint":"revenueCatWebhook","source":{"storageSource":{"bucket":"gcf-v2-sources-504286284116-europe-west1","object":"revenueCatWebhook/function-source.zip","generation":"1786484207484572"}},"environmentVariables":{"GOOGLE_NODE_RUN_SCRIPTS":""},"serviceAccount":"projects/duoelo-987fd/serviceAccounts/504286284116-compute@developer.gserviceaccount.com","automaticUpdatePolicy":{}},"serviceConfig":{"service":"projects/duoelo-987fd/locations/europe-west1/services/revenuecatwebhook","timeoutSeconds":60,"environmentVariables":{"FIREBASE_CONFIG":"{\"projectId\":\"duoelo-987fd\",\"storageBucket\":\"duoelo-987fd.firebasestorage.app\"}","GCLOUD_PROJECT":"duoelo-987fd","EVENTARC_CLOUD_EVENT_SOURCE":"projects/duoelo-987fd/locations/europe-west1/services/revenueCatWebhook","FUNCTION_REGION":"europe-west1","FUNCTION_TARGET":"revenueCatWebhook","LOG_EXECUTION_ID":"true"},"ingressSettings":"ALLOW_ALL","serviceAccountEmail":"504286284116-compute@developer.gserviceaccount.com","availableMemory":"256Mi","maxInstanceRequestConcurrency":80,"availableCpu":"1"},"labels":{"deployment-tool":"cli-firebase","firebase-functions-hash":"56a3ed4ed98a7b7ef9b1bdf89f19909edb74522f"},"environment":"GEN_2"},"stages":[{"name":"BUILD","message":"Build finished","state":"COMPLETE","resource":"projects/504286284116/locations/europe-west1/builds/c166051b-df49-4f13-928c-2b786ba5024f","resourceUri":"https://console.cloud.google.com/cloud-build/builds;region=europe-west1/c166051b-df49-4f13-928c-2b786ba5024f?project=504286284116"},{"name":"SERVICE","message":"Creating Cloud Run service","state":"IN_PROGRESS","resource":"projects/duoelo-987fd/locations/europe-west1/services/revenuecatwebhook","resourceUri":"https://console.cloud.google.com/run/detail/europe-west1/revenuecatwebhook?project=duoelo-987fd"}],"sourceToken":"Clhwcm9qZWN0cy81MDQyODYyODQxMTYvbG9jYXRpb25zL2V1cm9wZS13ZXN0MS9idWlsZHMvYzE2NjA1MWItZGY0OS00ZjEzLTkyOGMtMmI3ODZiYTUwMjRmEnJldXJvcGUtd2VzdDEtZG9ja2VyLnBrZy5kZXYvZHVvZWxvLTk4N2ZkL2djZi1hcnRpZmFjdHMvZHVvZWxvLS05ODdmZF9fZXVyb3BlLS13ZXN0MV9fcmV2ZW51ZV9jYXRfd2ViaG9vazp2ZXJzaW9uXzEY1JK4ztYOIkhwcm9qZWN0cy9kdW9lbG8tOTg3ZmQvbG9jYXRpb25zL2V1cm9wZS13ZXN0MS9mdW5jdGlvbnMvcmV2ZW51ZUNhdFdlYmhvb2sqDAioru7TBhCQttPhATIIbm9kZWpzMjQ6dwojZ2NyLmlvL2dhZS1ydW50aW1lcy9ub2RlanMyNDpzdGFibGUSUGV1cm9wZS13ZXN0MS1kb2NrZXIucGtnLmRldi9zZXJ2ZXJsZXNzLXJ1bnRpbWVzL2dvb2dsZS0yNC1mdWxsL3J1bnRpbWVzL25vZGVqczI0QAE=","operationType":"CREATE_FUNCTION","buildName":"projects/504286284116/locations/europe-west1/builds/c166051b-df49-4f13-928c-2b786ba5024f"},"done":false}
[debug] [2026-08-11T21:42:03.787Z] Got source token Clhwcm9qZWN0cy81MDQyODYyODQxMTYvbG9jYXRpb25zL2V1cm9wZS13ZXN0MS9idWlsZHMvYzE2NjA1MWItZGY0OS00ZjEzLTkyOGMtMmI3ODZiYTUwMjRmEnJldXJvcGUtd2VzdDEtZG9ja2VyLnBrZy5kZXYvZHVvZWxvLTk4N2ZkL2djZi1hcnRpZmFjdHMvZHVvZWxvLS05ODdmZF9fZXVyb3BlLS13ZXN0MV9fcmV2ZW51ZV9jYXRfd2ViaG9vazp2ZXJzaW9uXzEY1JK4ztYOIkhwcm9qZWN0cy9kdW9lbG8tOTg3ZmQvbG9jYXRpb25zL2V1cm9wZS13ZXN0MS9mdW5jdGlvbnMvcmV2ZW51ZUNhdFdlYmhvb2sqDAioru7TBhCQttPhATIIbm9kZWpzMjQ6dwojZ2NyLmlvL2dhZS1ydW50aW1lcy9ub2RlanMyNDpzdGFibGUSUGV1cm9wZS13ZXN0MS1kb2NrZXIucGtnLmRldi9zZXJ2ZXJsZXNzLXJ1bnRpbWVzL2dvb2dsZS0yNC1mdWxsL3J1bnRpbWVzL25vZGVqczI0QAE= for region europe-west1
[debug] [2026-08-11T21:42:03.788Z] Checked if tokens are valid: true, expires at: 1786485775867
[debug] [2026-08-11T21:42:03.788Z] Checked if tokens are valid: true, expires at: 1786485775867
[debug] [2026-08-11T21:42:03.788Z] >>> [apiv2][query] PATCH https://cloudfunctions.googleapis.com/v2/projects/duoelo-987fd/locations/europe-west1/functions/processMatch updateMask=name%2CbuildConfig.runtime%2CbuildConfig.entryPoint%2CbuildConfig.source.storageSource.bucket%2CbuildConfig.source.storageSource.object%2CbuildConfig.environmentVariables%2CbuildConfig.sourceToken%2CserviceConfig.environmentVariables%2CserviceConfig.ingressSettings%2CserviceConfig.timeoutSeconds%2CserviceConfig.serviceAccountEmail%2CserviceConfig.availableMemory%2CserviceConfig.minInstanceCount%2CserviceConfig.maxInstanceCount%2CserviceConfig.maxInstanceRequestConcurrency%2CserviceConfig.availableCpu%2CserviceConfig.vpcConnector%2CserviceConfig.vpcConnectorEgressSettings%2CserviceConfig.directVpcNetworkInterface%2CserviceConfig.directVpcEgress%2Clabels%2CeventTrigger.eventType%2CeventTrigger.retryPolicy%2CeventTrigger.eventFilters%2CeventTrigger.triggerRegion
[debug] [2026-08-11T21:42:03.788Z] >>> [apiv2][body] PATCH https://cloudfunctions.googleapis.com/v2/projects/duoelo-987fd/locations/europe-west1/functions/processMatch {"name":"projects/duoelo-987fd/locations/europe-west1/functions/processMatch","buildConfig":{"runtime":"nodejs24","entryPoint":"processMatch","source":{"storageSource":{"bucket":"gcf-v2-uploads-504286284116.europe-west1.cloudfunctions.appspot.com","object":"b88df849-5a0e-4ec1-adcc-2f3b2fc554fe.zip"}},"environmentVariables":{"GOOGLE_NODE_RUN_SCRIPTS":""},"sourceToken":"Clhwcm9qZWN0cy81MDQyODYyODQxMTYvbG9jYXRpb25zL2V1cm9wZS13ZXN0MS9idWlsZHMvYzE2NjA1MWItZGY0OS00ZjEzLTkyOGMtMmI3ODZiYTUwMjRmEnJldXJvcGUtd2VzdDEtZG9ja2VyLnBrZy5kZXYvZHVvZWxvLTk4N2ZkL2djZi1hcnRpZmFjdHMvZHVvZWxvLS05ODdmZF9fZXVyb3BlLS13ZXN0MV9fcmV2ZW51ZV9jYXRfd2ViaG9vazp2ZXJzaW9uXzEY1JK4ztYOIkhwcm9qZWN0cy9kdW9lbG8tOTg3ZmQvbG9jYXRpb25zL2V1cm9wZS13ZXN0MS9mdW5jdGlvbnMvcmV2ZW51ZUNhdFdlYmhvb2sqDAioru7TBhCQttPhATIIbm9kZWpzMjQ6dwojZ2NyLmlvL2dhZS1ydW50aW1lcy9ub2RlanMyNDpzdGFibGUSUGV1cm9wZS13ZXN0MS1kb2NrZXIucGtnLmRldi9zZXJ2ZXJsZXNzLXJ1bnRpbWVzL2dvb2dsZS0yNC1mdWxsL3J1bnRpbWVzL25vZGVqczI0QAE="},"serviceConfig":{"environmentVariables":{"FIREBASE_CONFIG":"{\"projectId\":\"duoelo-987fd\",\"storageBucket\":\"duoelo-987fd.firebasestorage.app\"}","GCLOUD_PROJECT":"duoelo-987fd","EVENTARC_CLOUD_EVENT_SOURCE":"projects/duoelo-987fd/locations/europe-west1/services/processMatch","FUNCTION_REGION":"europe-west1","FUNCTION_SIGNATURE_TYPE":"cloudevent","FUNCTION_TARGET":"processMatch","LOG_EXECUTION_ID":"true"},"ingressSettings":null,"timeoutSeconds":null,"serviceAccountEmail":null,"availableMemory":"256Mi","minInstanceCount":null,"maxInstanceCount":null,"maxInstanceRequestConcurrency":80,"availableCpu":"1","vpcConnector":null,"vpcConnectorEgressSettings":null,"directVpcNetworkInterface":null,"directVpcEgress":null},"labels":{"deployment-tool":"cli-firebase","firebase-functions-hash":"56a3ed4ed98a7b7ef9b1bdf89f19909edb74522f"},"eventTrigger":{"eventType":"google.cloud.firestore.document.v1.updated","retryPolicy":"RETRY_POLICY_DO_NOT_RETRY","eventFilters":[{"attribute":"database","value":"(default)"},{"attribute":"namespace","value":"(default)"},{"attribute":"document","value":"users/{userId}","operator":"match-path-pattern"}],"triggerRegion":"europe-west1"}}
[debug] [2026-08-11T21:42:05.409Z] <<< [apiv2][status] PATCH https://cloudfunctions.googleapis.com/v2/projects/duoelo-987fd/locations/europe-west1/functions/processMatch 200
[debug] [2026-08-11T21:42:05.409Z] <<< [apiv2][body] PATCH https://cloudfunctions.googleapis.com/v2/projects/duoelo-987fd/locations/europe-west1/functions/processMatch {"name":"projects/duoelo-987fd/locations/europe-west1/operations/operation-1786484524158-658cc57758f14-181ff214-e7f644e2","metadata":{"@type":"type.googleapis.com/google.cloud.functions.v2.OperationMetadata","createTime":"2026-08-11T21:42:05.548412111Z","target":"projects/duoelo-987fd/locations/europe-west1/functions/processMatch","verb":"update","cancelRequested":false,"apiVersion":"v2"},"done":false}
[debug] [2026-08-11T21:42:05.409Z] Checked if tokens are valid: true, expires at: 1786485775867
[debug] [2026-08-11T21:42:05.410Z] Checked if tokens are valid: true, expires at: 1786485775867
[debug] [2026-08-11T21:42:05.410Z] >>> [apiv2][query] GET https://cloudfunctions.googleapis.com/v2/projects/duoelo-987fd/locations/europe-west1/operations/operation-1786484524158-658cc57758f14-181ff214-e7f644e2 [none]
[debug] [2026-08-11T21:42:05.496Z] <<< [apiv2][status] GET https://cloudfunctions.googleapis.com/v2/projects/duoelo-987fd/locations/europe-west1/operations/operation-1786484524158-658cc57758f14-181ff214-e7f644e2 200
[debug] [2026-08-11T21:42:05.497Z] <<< [apiv2][body] GET https://cloudfunctions.googleapis.com/v2/projects/duoelo-987fd/locations/europe-west1/operations/operation-1786484524158-658cc57758f14-181ff214-e7f644e2 {"name":"projects/duoelo-987fd/locations/europe-west1/operations/operation-1786484524158-658cc57758f14-181ff214-e7f644e2","metadata":{"@type":"type.googleapis.com/google.cloud.functions.v2.OperationMetadata","createTime":"2026-08-11T21:42:05.548412111Z","target":"projects/duoelo-987fd/locations/europe-west1/functions/processMatch","verb":"update","cancelRequested":false,"apiVersion":"v2"},"done":false}
[debug] [2026-08-11T21:42:05.999Z] [update-default-europe-west1-processMatch] Retrying task index 0
[debug] [2026-08-11T21:42:05.999Z] Checked if tokens are valid: true, expires at: 1786485775867
[debug] [2026-08-11T21:42:05.999Z] Checked if tokens are valid: true, expires at: 1786485775867
[debug] [2026-08-11T21:42:06.000Z] >>> [apiv2][query] GET https://cloudfunctions.googleapis.com/v2/projects/duoelo-987fd/locations/europe-west1/operations/operation-1786484524158-658cc57758f14-181ff214-e7f644e2 [none]
[debug] [2026-08-11T21:42:06.081Z] <<< [apiv2][status] GET https://cloudfunctions.googleapis.com/v2/projects/duoelo-987fd/locations/europe-west1/operations/operation-1786484524158-658cc57758f14-181ff214-e7f644e2 200
[debug] [2026-08-11T21:42:06.082Z] <<< [apiv2][body] GET https://cloudfunctions.googleapis.com/v2/projects/duoelo-987fd/locations/europe-west1/operations/operation-1786484524158-658cc57758f14-181ff214-e7f644e2 {"name":"projects/duoelo-987fd/locations/europe-west1/operations/operation-1786484524158-658cc57758f14-181ff214-e7f644e2","metadata":{"@type":"type.googleapis.com/google.cloud.functions.v2.OperationMetadata","createTime":"2026-08-11T21:42:05.548412111Z","target":"projects/duoelo-987fd/locations/europe-west1/functions/processMatch","verb":"update","cancelRequested":false,"apiVersion":"v2","requestResource":{"@type":"type.googleapis.com/google.cloud.functions.v2.Function","name":"projects/duoelo-987fd/locations/europe-west1/functions/processMatch","buildConfig":{"runtime":"nodejs24","entryPoint":"processMatch","source":{"storageSource":{"bucket":"gcf-v2-sources-504286284116-europe-west1","object":"processMatch/function-source.zip","generation":"1786484525485536"}},"environmentVariables":{"GOOGLE_NODE_RUN_SCRIPTS":""},"dockerRepository":"projects/duoelo-987fd/locations/europe-west1/repositories/gcf-artifacts","sourceProvenance":{"resolvedStorageSource":{"bucket":"gcf-v2-sources-504286284116-europe-west1","object":"processMatch/function-source.zip","generation":"1786036017156724"}},"dockerRegistry":"ARTIFACT_REGISTRY","sourceToken":"Clhwcm9qZWN0cy81MDQyODYyODQxMTYvbG9jYXRpb25zL2V1cm9wZS13ZXN0MS9idWlsZHMvYzE2NjA1MWItZGY0OS00ZjEzLTkyOGMtMmI3ODZiYTUwMjRmEnJldXJvcGUtd2VzdDEtZG9ja2VyLnBrZy5kZXYvZHVvZWxvLTk4N2ZkL2djZi1hcnRpZmFjdHMvZHVvZWxvLS05ODdmZF9fZXVyb3BlLS13ZXN0MV9fcmV2ZW51ZV9jYXRfd2ViaG9vazp2ZXJzaW9uXzEY1JK4ztYOIkhwcm9qZWN0cy9kdW9lbG8tOTg3ZmQvbG9jYXRpb25zL2V1cm9wZS13ZXN0MS9mdW5jdGlvbnMvcmV2ZW51ZUNhdFdlYmhvb2sqDAioru7TBhCQttPhATIIbm9kZWpzMjQ6dwojZ2NyLmlvL2dhZS1ydW50aW1lcy9ub2RlanMyNDpzdGFibGUSUGV1cm9wZS13ZXN0MS1kb2NrZXIucGtnLmRldi9zZXJ2ZXJsZXNzLXJ1bnRpbWVzL2dvb2dsZS0yNC1mdWxsL3J1bnRpbWVzL25vZGVqczI0QAE=","serviceAccount":"projects/duoelo-987fd/serviceAccounts/504286284116-compute@developer.gserviceaccount.com","automaticUpdatePolicy":{}},"serviceConfig":{"service":"projects/duoelo-987fd/locations/europe-west1/services/processmatch","timeoutSeconds":60,"environmentVariables":{"FIREBASE_CONFIG":"{\"projectId\":\"duoelo-987fd\",\"storageBucket\":\"duoelo-987fd.firebasestorage.app\"}","GCLOUD_PROJECT":"duoelo-987fd","EVENTARC_CLOUD_EVENT_SOURCE":"projects/duoelo-987fd/locations/europe-west1/services/processMatch","FUNCTION_REGION":"europe-west1","FUNCTION_SIGNATURE_TYPE":"cloudevent","FUNCTION_TARGET":"processMatch","LOG_EXECUTION_ID":"true"},"ingressSettings":"ALLOW_ALL","uri":"https://processmatch-phlhppihra-ew.a.run.app","serviceAccountEmail":"504286284116-compute@developer.gserviceaccount.com","availableMemory":"256Mi","allTrafficOnLatestRevision":true,"revision":"processmatch-00001-bev","maxInstanceRequestConcurrency":80,"availableCpu":"1"},"eventTrigger":{"trigger":"projects/duoelo-987fd/locations/europe-west1/triggers/processmatch-778683","triggerRegion":"europe-west1","eventType":"google.cloud.firestore.document.v1.updated","eventFilters":[{"attribute":"database","value":"(default)"},{"attribute":"namespace","value":"(default)"},{"attribute":"document","value":"users/{userId}","operator":"match-path-pattern"}],"pubsubTopic":"projects/duoelo-987fd/topics/eventarc-europe-west1-processmatch-778683-707","serviceAccountEmail":"504286284116-compute@developer.gserviceaccount.com","retryPolicy":"RETRY_POLICY_DO_NOT_RETRY"},"state":"ACTIVE","labels":{"deployment-tool":"cli-firebase","firebase-functions-hash":"56a3ed4ed98a7b7ef9b1bdf89f19909edb74522f"},"environment":"GEN_2","url":"https://europe-west1-duoelo-987fd.cloudfunctions.net/processMatch","satisfiesPzi":true},"stages":[{"name":"BUILD","message":"Reusing build","state":"COMPLETE","resource":"projects/504286284116/locations/europe-west1/builds/c166051b-df49-4f13-928c-2b786ba5024f"},{"name":"SERVICE","state":"NOT_STARTED"},{"name":"TRIGGER","state":"NOT_STARTED"}],"sourceToken":"Clhwcm9qZWN0cy81MDQyODYyODQxMTYvbG9jYXRpb25zL2V1cm9wZS13ZXN0MS9idWlsZHMvYzE2NjA1MWItZGY0OS00ZjEzLTkyOGMtMmI3ODZiYTUwMjRmEnJldXJvcGUtd2VzdDEtZG9ja2VyLnBrZy5kZXYvZHVvZWxvLTk4N2ZkL2djZi1hcnRpZmFjdHMvZHVvZWxvLS05ODdmZF9fZXVyb3BlLS13ZXN0MV9fcmV2ZW51ZV9jYXRfd2ViaG9vazp2ZXJzaW9uXzEY1JK4ztYOIkhwcm9qZWN0cy9kdW9lbG8tOTg3ZmQvbG9jYXRpb25zL2V1cm9wZS13ZXN0MS9mdW5jdGlvbnMvcmV2ZW51ZUNhdFdlYmhvb2sqDAioru7TBhCQttPhATIIbm9kZWpzMjQ6dwojZ2NyLmlvL2dhZS1ydW50aW1lcy9ub2RlanMyNDpzdGFibGUSUGV1cm9wZS13ZXN0MS1kb2NrZXIucGtnLmRldi9zZXJ2ZXJsZXNzLXJ1bnRpbWVzL2dvb2dsZS0yNC1mdWxsL3J1bnRpbWVzL25vZGVqczI0QAE=","operationType":"UPDATE_FUNCTION","buildName":"projects/504286284116/locations/europe-west1/builds/c166051b-df49-4f13-928c-2b786ba5024f"},"done":false}
[debug] [2026-08-11T21:42:06.082Z] Got source token Clhwcm9qZWN0cy81MDQyODYyODQxMTYvbG9jYXRpb25zL2V1cm9wZS13ZXN0MS9idWlsZHMvYzE2NjA1MWItZGY0OS00ZjEzLTkyOGMtMmI3ODZiYTUwMjRmEnJldXJvcGUtd2VzdDEtZG9ja2VyLnBrZy5kZXYvZHVvZWxvLTk4N2ZkL2djZi1hcnRpZmFjdHMvZHVvZWxvLS05ODdmZF9fZXVyb3BlLS13ZXN0MV9fcmV2ZW51ZV9jYXRfd2ViaG9vazp2ZXJzaW9uXzEY1JK4ztYOIkhwcm9qZWN0cy9kdW9lbG8tOTg3ZmQvbG9jYXRpb25zL2V1cm9wZS13ZXN0MS9mdW5jdGlvbnMvcmV2ZW51ZUNhdFdlYmhvb2sqDAioru7TBhCQttPhATIIbm9kZWpzMjQ6dwojZ2NyLmlvL2dhZS1ydW50aW1lcy9ub2RlanMyNDpzdGFibGUSUGV1cm9wZS13ZXN0MS1kb2NrZXIucGtnLmRldi9zZXJ2ZXJsZXNzLXJ1bnRpbWVzL2dvb2dsZS0yNC1mdWxsL3J1bnRpbWVzL25vZGVqczI0QAE= for region europe-west1
[debug] [2026-08-11T21:42:07.083Z] [update-default-europe-west1-processMatch] Retrying task index 0
[debug] [2026-08-11T21:42:07.083Z] Checked if tokens are valid: true, expires at: 1786485775867
[debug] [2026-08-11T21:42:07.083Z] Checked if tokens are valid: true, expires at: 1786485775867
[debug] [2026-08-11T21:42:07.083Z] >>> [apiv2][query] GET https://cloudfunctions.googleapis.com/v2/projects/duoelo-987fd/locations/europe-west1/operations/operation-1786484524158-658cc57758f14-181ff214-e7f644e2 [none]
[debug] [2026-08-11T21:42:07.139Z] <<< [apiv2][status] GET https://cloudfunctions.googleapis.com/v2/projects/duoelo-987fd/locations/europe-west1/operations/operation-1786484524158-658cc57758f14-181ff214-e7f644e2 200
[debug] [2026-08-11T21:42:07.139Z] <<< [apiv2][body] GET https://cloudfunctions.googleapis.com/v2/projects/duoelo-987fd/locations/europe-west1/operations/operation-1786484524158-658cc57758f14-181ff214-e7f644e2 {"name":"projects/duoelo-987fd/locations/europe-west1/operations/operation-1786484524158-658cc57758f14-181ff214-e7f644e2","metadata":{"@type":"type.googleapis.com/google.cloud.functions.v2.OperationMetadata","createTime":"2026-08-11T21:42:05.548412111Z","target":"projects/duoelo-987fd/locations/europe-west1/functions/processMatch","verb":"update","cancelRequested":false,"apiVersion":"v2","requestResource":{"@type":"type.googleapis.com/google.cloud.functions.v2.Function","name":"projects/duoelo-987fd/locations/europe-west1/functions/processMatch","buildConfig":{"runtime":"nodejs24","entryPoint":"processMatch","source":{"storageSource":{"bucket":"gcf-v2-sources-504286284116-europe-west1","object":"processMatch/function-source.zip","generation":"1786484525485536"}},"environmentVariables":{"GOOGLE_NODE_RUN_SCRIPTS":""},"dockerRepository":"projects/duoelo-987fd/locations/europe-west1/repositories/gcf-artifacts","sourceProvenance":{"resolvedStorageSource":{"bucket":"gcf-v2-sources-504286284116-europe-west1","object":"processMatch/function-source.zip","generation":"1786036017156724"}},"dockerRegistry":"ARTIFACT_REGISTRY","sourceToken":"Clhwcm9qZWN0cy81MDQyODYyODQxMTYvbG9jYXRpb25zL2V1cm9wZS13ZXN0MS9idWlsZHMvYzE2NjA1MWItZGY0OS00ZjEzLTkyOGMtMmI3ODZiYTUwMjRmEnJldXJvcGUtd2VzdDEtZG9ja2VyLnBrZy5kZXYvZHVvZWxvLTk4N2ZkL2djZi1hcnRpZmFjdHMvZHVvZWxvLS05ODdmZF9fZXVyb3BlLS13ZXN0MV9fcmV2ZW51ZV9jYXRfd2ViaG9vazp2ZXJzaW9uXzEY1JK4ztYOIkhwcm9qZWN0cy9kdW9lbG8tOTg3ZmQvbG9jYXRpb25zL2V1cm9wZS13ZXN0MS9mdW5jdGlvbnMvcmV2ZW51ZUNhdFdlYmhvb2sqDAioru7TBhCQttPhATIIbm9kZWpzMjQ6dwojZ2NyLmlvL2dhZS1ydW50aW1lcy9ub2RlanMyNDpzdGFibGUSUGV1cm9wZS13ZXN0MS1kb2NrZXIucGtnLmRldi9zZXJ2ZXJsZXNzLXJ1bnRpbWVzL2dvb2dsZS0yNC1mdWxsL3J1bnRpbWVzL25vZGVqczI0QAE=","serviceAccount":"projects/duoelo-987fd/serviceAccounts/504286284116-compute@developer.gserviceaccount.com","automaticUpdatePolicy":{}},"serviceConfig":{"service":"projects/duoelo-987fd/locations/europe-west1/services/processmatch","timeoutSeconds":60,"environmentVariables":{"FIREBASE_CONFIG":"{\"projectId\":\"duoelo-987fd\",\"storageBucket\":\"duoelo-987fd.firebasestorage.app\"}","GCLOUD_PROJECT":"duoelo-987fd","EVENTARC_CLOUD_EVENT_SOURCE":"projects/duoelo-987fd/locations/europe-west1/services/processMatch","FUNCTION_REGION":"europe-west1","FUNCTION_SIGNATURE_TYPE":"cloudevent","FUNCTION_TARGET":"processMatch","LOG_EXECUTION_ID":"true"},"ingressSettings":"ALLOW_ALL","uri":"https://processmatch-phlhppihra-ew.a.run.app","serviceAccountEmail":"504286284116-compute@developer.gserviceaccount.com","availableMemory":"256Mi","allTrafficOnLatestRevision":true,"revision":"processmatch-00001-bev","maxInstanceRequestConcurrency":80,"availableCpu":"1"},"eventTrigger":{"trigger":"projects/duoelo-987fd/locations/europe-west1/triggers/processmatch-778683","triggerRegion":"europe-west1","eventType":"google.cloud.firestore.document.v1.updated","eventFilters":[{"attribute":"database","value":"(default)"},{"attribute":"namespace","value":"(default)"},{"attribute":"document","value":"users/{userId}","operator":"match-path-pattern"}],"pubsubTopic":"projects/duoelo-987fd/topics/eventarc-europe-west1-processmatch-778683-707","serviceAccountEmail":"504286284116-compute@developer.gserviceaccount.com","retryPolicy":"RETRY_POLICY_DO_NOT_RETRY"},"state":"ACTIVE","labels":{"deployment-tool":"cli-firebase","firebase-functions-hash":"56a3ed4ed98a7b7ef9b1bdf89f19909edb74522f"},"environment":"GEN_2","url":"https://europe-west1-duoelo-987fd.cloudfunctions.net/processMatch","satisfiesPzi":true},"stages":[{"name":"BUILD","message":"Reusing build","state":"COMPLETE","resource":"projects/504286284116/locations/europe-west1/builds/c166051b-df49-4f13-928c-2b786ba5024f"},{"name":"SERVICE","message":"Updating Cloud Run service","state":"IN_PROGRESS","resource":"projects/duoelo-987fd/locations/europe-west1/services/processmatch","resourceUri":"https://console.cloud.google.com/run/detail/europe-west1/processmatch?project=duoelo-987fd","stateMessages":[{"severity":"INFO","type":"CloudRunServiceNewRevisionTrafficInfo","message":"A new revision will be deployed serving with 100% traffic."}]},{"name":"TRIGGER","state":"NOT_STARTED"}],"sourceToken":"Clhwcm9qZWN0cy81MDQyODYyODQxMTYvbG9jYXRpb25zL2V1cm9wZS13ZXN0MS9idWlsZHMvYzE2NjA1MWItZGY0OS00ZjEzLTkyOGMtMmI3ODZiYTUwMjRmEnJldXJvcGUtd2VzdDEtZG9ja2VyLnBrZy5kZXYvZHVvZWxvLTk4N2ZkL2djZi1hcnRpZmFjdHMvZHVvZWxvLS05ODdmZF9fZXVyb3BlLS13ZXN0MV9fcmV2ZW51ZV9jYXRfd2ViaG9vazp2ZXJzaW9uXzEY1JK4ztYOIkhwcm9qZWN0cy9kdW9lbG8tOTg3ZmQvbG9jYXRpb25zL2V1cm9wZS13ZXN0MS9mdW5jdGlvbnMvcmV2ZW51ZUNhdFdlYmhvb2sqDAioru7TBhCQttPhATIIbm9kZWpzMjQ6dwojZ2NyLmlvL2dhZS1ydW50aW1lcy9ub2RlanMyNDpzdGFibGUSUGV1cm9wZS13ZXN0MS1kb2NrZXIucGtnLmRldi9zZXJ2ZXJsZXNzLXJ1bnRpbWVzL2dvb2dsZS0yNC1mdWxsL3J1bnRpbWVzL25vZGVqczI0QAE=","operationType":"UPDATE_FUNCTION","buildName":"projects/504286284116/locations/europe-west1/builds/c166051b-df49-4f13-928c-2b786ba5024f"},"done":false}
[debug] [2026-08-11T21:42:07.139Z] Got source token Clhwcm9qZWN0cy81MDQyODYyODQxMTYvbG9jYXRpb25zL2V1cm9wZS13ZXN0MS9idWlsZHMvYzE2NjA1MWItZGY0OS00ZjEzLTkyOGMtMmI3ODZiYTUwMjRmEnJldXJvcGUtd2VzdDEtZG9ja2VyLnBrZy5kZXYvZHVvZWxvLTk4N2ZkL2djZi1hcnRpZmFjdHMvZHVvZWxvLS05ODdmZF9fZXVyb3BlLS13ZXN0MV9fcmV2ZW51ZV9jYXRfd2ViaG9vazp2ZXJzaW9uXzEY1JK4ztYOIkhwcm9qZWN0cy9kdW9lbG8tOTg3ZmQvbG9jYXRpb25zL2V1cm9wZS13ZXN0MS9mdW5jdGlvbnMvcmV2ZW51ZUNhdFdlYmhvb2sqDAioru7TBhCQttPhATIIbm9kZWpzMjQ6dwojZ2NyLmlvL2dhZS1ydW50aW1lcy9ub2RlanMyNDpzdGFibGUSUGV1cm9wZS13ZXN0MS1kb2NrZXIucGtnLmRldi9zZXJ2ZXJsZXNzLXJ1bnRpbWVzL2dvb2dsZS0yNC1mdWxsL3J1bnRpbWVzL25vZGVqczI0QAE= for region europe-west1
[debug] [2026-08-11T21:42:09.140Z] [update-default-europe-west1-processMatch] Retrying task index 0
[debug] [2026-08-11T21:42:09.141Z] Checked if tokens are valid: true, expires at: 1786485775867
[debug] [2026-08-11T21:42:09.141Z] Checked if tokens are valid: true, expires at: 1786485775867
[debug] [2026-08-11T21:42:09.141Z] >>> [apiv2][query] GET https://cloudfunctions.googleapis.com/v2/projects/duoelo-987fd/locations/europe-west1/operations/operation-1786484524158-658cc57758f14-181ff214-e7f644e2 [none]
[debug] [2026-08-11T21:42:09.197Z] <<< [apiv2][status] GET https://cloudfunctions.googleapis.com/v2/projects/duoelo-987fd/locations/europe-west1/operations/operation-1786484524158-658cc57758f14-181ff214-e7f644e2 200
[debug] [2026-08-11T21:42:09.197Z] <<< [apiv2][body] GET https://cloudfunctions.googleapis.com/v2/projects/duoelo-987fd/locations/europe-west1/operations/operation-1786484524158-658cc57758f14-181ff214-e7f644e2 {"name":"projects/duoelo-987fd/locations/europe-west1/operations/operation-1786484524158-658cc57758f14-181ff214-e7f644e2","metadata":{"@type":"type.googleapis.com/google.cloud.functions.v2.OperationMetadata","createTime":"2026-08-11T21:42:05.548412111Z","target":"projects/duoelo-987fd/locations/europe-west1/functions/processMatch","verb":"update","cancelRequested":false,"apiVersion":"v2","requestResource":{"@type":"type.googleapis.com/google.cloud.functions.v2.Function","name":"projects/duoelo-987fd/locations/europe-west1/functions/processMatch","buildConfig":{"runtime":"nodejs24","entryPoint":"processMatch","source":{"storageSource":{"bucket":"gcf-v2-sources-504286284116-europe-west1","object":"processMatch/function-source.zip","generation":"1786484525485536"}},"environmentVariables":{"GOOGLE_NODE_RUN_SCRIPTS":""},"dockerRepository":"projects/duoelo-987fd/locations/europe-west1/repositories/gcf-artifacts","sourceProvenance":{"resolvedStorageSource":{"bucket":"gcf-v2-sources-504286284116-europe-west1","object":"processMatch/function-source.zip","generation":"1786036017156724"}},"dockerRegistry":"ARTIFACT_REGISTRY","sourceToken":"Clhwcm9qZWN0cy81MDQyODYyODQxMTYvbG9jYXRpb25zL2V1cm9wZS13ZXN0MS9idWlsZHMvYzE2NjA1MWItZGY0OS00ZjEzLTkyOGMtMmI3ODZiYTUwMjRmEnJldXJvcGUtd2VzdDEtZG9ja2VyLnBrZy5kZXYvZHVvZWxvLTk4N2ZkL2djZi1hcnRpZmFjdHMvZHVvZWxvLS05ODdmZF9fZXVyb3BlLS13ZXN0MV9fcmV2ZW51ZV9jYXRfd2ViaG9vazp2ZXJzaW9uXzEY1JK4ztYOIkhwcm9qZWN0cy9kdW9lbG8tOTg3ZmQvbG9jYXRpb25zL2V1cm9wZS13ZXN0MS9mdW5jdGlvbnMvcmV2ZW51ZUNhdFdlYmhvb2sqDAioru7TBhCQttPhATIIbm9kZWpzMjQ6dwojZ2NyLmlvL2dhZS1ydW50aW1lcy9ub2RlanMyNDpzdGFibGUSUGV1cm9wZS13ZXN0MS1kb2NrZXIucGtnLmRldi9zZXJ2ZXJsZXNzLXJ1bnRpbWVzL2dvb2dsZS0yNC1mdWxsL3J1bnRpbWVzL25vZGVqczI0QAE=","serviceAccount":"projects/duoelo-987fd/serviceAccounts/504286284116-compute@developer.gserviceaccount.com","automaticUpdatePolicy":{}},"serviceConfig":{"service":"projects/duoelo-987fd/locations/europe-west1/services/processmatch","timeoutSeconds":60,"environmentVariables":{"FIREBASE_CONFIG":"{\"projectId\":\"duoelo-987fd\",\"storageBucket\":\"duoelo-987fd.firebasestorage.app\"}","GCLOUD_PROJECT":"duoelo-987fd","EVENTARC_CLOUD_EVENT_SOURCE":"projects/duoelo-987fd/locations/europe-west1/services/processMatch","FUNCTION_REGION":"europe-west1","FUNCTION_SIGNATURE_TYPE":"cloudevent","FUNCTION_TARGET":"processMatch","LOG_EXECUTION_ID":"true"},"ingressSettings":"ALLOW_ALL","uri":"https://processmatch-phlhppihra-ew.a.run.app","serviceAccountEmail":"504286284116-compute@developer.gserviceaccount.com","availableMemory":"256Mi","allTrafficOnLatestRevision":true,"revision":"processmatch-00001-bev","maxInstanceRequestConcurrency":80,"availableCpu":"1"},"eventTrigger":{"trigger":"projects/duoelo-987fd/locations/europe-west1/triggers/processmatch-778683","triggerRegion":"europe-west1","eventType":"google.cloud.firestore.document.v1.updated","eventFilters":[{"attribute":"database","value":"(default)"},{"attribute":"namespace","value":"(default)"},{"attribute":"document","value":"users/{userId}","operator":"match-path-pattern"}],"pubsubTopic":"projects/duoelo-987fd/topics/eventarc-europe-west1-processmatch-778683-707","serviceAccountEmail":"504286284116-compute@developer.gserviceaccount.com","retryPolicy":"RETRY_POLICY_DO_NOT_RETRY"},"state":"ACTIVE","labels":{"deployment-tool":"cli-firebase","firebase-functions-hash":"56a3ed4ed98a7b7ef9b1bdf89f19909edb74522f"},"environment":"GEN_2","url":"https://europe-west1-duoelo-987fd.cloudfunctions.net/processMatch","satisfiesPzi":true},"stages":[{"name":"BUILD","message":"Reusing build","state":"COMPLETE","resource":"projects/504286284116/locations/europe-west1/builds/c166051b-df49-4f13-928c-2b786ba5024f"},{"name":"SERVICE","message":"Updating Cloud Run service","state":"IN_PROGRESS","resource":"projects/duoelo-987fd/locations/europe-west1/services/processmatch","resourceUri":"https://console.cloud.google.com/run/detail/europe-west1/processmatch?project=duoelo-987fd","stateMessages":[{"severity":"INFO","type":"CloudRunServiceNewRevisionTrafficInfo","message":"A new revision will be deployed serving with 100% traffic."}]},{"name":"TRIGGER","state":"NOT_STARTED"}],"sourceToken":"Clhwcm9qZWN0cy81MDQyODYyODQxMTYvbG9jYXRpb25zL2V1cm9wZS13ZXN0MS9idWlsZHMvYzE2NjA1MWItZGY0OS00ZjEzLTkyOGMtMmI3ODZiYTUwMjRmEnJldXJvcGUtd2VzdDEtZG9ja2VyLnBrZy5kZXYvZHVvZWxvLTk4N2ZkL2djZi1hcnRpZmFjdHMvZHVvZWxvLS05ODdmZF9fZXVyb3BlLS13ZXN0MV9fcmV2ZW51ZV9jYXRfd2ViaG9vazp2ZXJzaW9uXzEY1JK4ztYOIkhwcm9qZWN0cy9kdW9lbG8tOTg3ZmQvbG9jYXRpb25zL2V1cm9wZS13ZXN0MS9mdW5jdGlvbnMvcmV2ZW51ZUNhdFdlYmhvb2sqDAioru7TBhCQttPhATIIbm9kZWpzMjQ6dwojZ2NyLmlvL2dhZS1ydW50aW1lcy9ub2RlanMyNDpzdGFibGUSUGV1cm9wZS13ZXN0MS1kb2NrZXIucGtnLmRldi9zZXJ2ZXJsZXNzLXJ1bnRpbWVzL2dvb2dsZS0yNC1mdWxsL3J1bnRpbWVzL25vZGVqczI0QAE=","operationType":"UPDATE_FUNCTION","buildName":"projects/504286284116/locations/europe-west1/builds/c166051b-df49-4f13-928c-2b786ba5024f"},"done":false}
[debug] [2026-08-11T21:42:09.197Z] Got source token Clhwcm9qZWN0cy81MDQyODYyODQxMTYvbG9jYXRpb25zL2V1cm9wZS13ZXN0MS9idWlsZHMvYzE2NjA1MWItZGY0OS00ZjEzLTkyOGMtMmI3ODZiYTUwMjRmEnJldXJvcGUtd2VzdDEtZG9ja2VyLnBrZy5kZXYvZHVvZWxvLTk4N2ZkL2djZi1hcnRpZmFjdHMvZHVvZWxvLS05ODdmZF9fZXVyb3BlLS13ZXN0MV9fcmV2ZW51ZV9jYXRfd2ViaG9vazp2ZXJzaW9uXzEY1JK4ztYOIkhwcm9qZWN0cy9kdW9lbG8tOTg3ZmQvbG9jYXRpb25zL2V1cm9wZS13ZXN0MS9mdW5jdGlvbnMvcmV2ZW51ZUNhdFdlYmhvb2sqDAioru7TBhCQttPhATIIbm9kZWpzMjQ6dwojZ2NyLmlvL2dhZS1ydW50aW1lcy9ub2RlanMyNDpzdGFibGUSUGV1cm9wZS13ZXN0MS1kb2NrZXIucGtnLmRldi9zZXJ2ZXJsZXNzLXJ1bnRpbWVzL2dvb2dsZS0yNC1mdWxsL3J1bnRpbWVzL25vZGVqczI0QAE= for region europe-west1
[debug] [2026-08-11T21:42:13.197Z] [update-default-europe-west1-processMatch] Retrying task index 0
[debug] [2026-08-11T21:42:13.198Z] Checked if tokens are valid: true, expires at: 1786485775867
[debug] [2026-08-11T21:42:13.198Z] Checked if tokens are valid: true, expires at: 1786485775867
[debug] [2026-08-11T21:42:13.198Z] >>> [apiv2][query] GET https://cloudfunctions.googleapis.com/v2/projects/duoelo-987fd/locations/europe-west1/operations/operation-1786484524158-658cc57758f14-181ff214-e7f644e2 [none]
[debug] [2026-08-11T21:42:13.788Z] [create-default-europe-west1-revenueCatWebhook] Retrying task index 0
[debug] [2026-08-11T21:42:13.788Z] Checked if tokens are valid: true, expires at: 1786485775867
[debug] [2026-08-11T21:42:13.788Z] Checked if tokens are valid: true, expires at: 1786485775867
[debug] [2026-08-11T21:42:13.788Z] >>> [apiv2][query] GET https://cloudfunctions.googleapis.com/v2/projects/duoelo-987fd/locations/europe-west1/operations/operation-1786484207120-658cc448ff1eb-1a143ea7-eb98343b [none]
[debug] [2026-08-11T21:42:13.811Z] <<< [apiv2][status] GET https://cloudfunctions.googleapis.com/v2/projects/duoelo-987fd/locations/europe-west1/operations/operation-1786484524158-658cc57758f14-181ff214-e7f644e2 200
[debug] [2026-08-11T21:42:13.811Z] <<< [apiv2][body] GET https://cloudfunctions.googleapis.com/v2/projects/duoelo-987fd/locations/europe-west1/operations/operation-1786484524158-658cc57758f14-181ff214-e7f644e2 {"name":"projects/duoelo-987fd/locations/europe-west1/operations/operation-1786484524158-658cc57758f14-181ff214-e7f644e2","metadata":{"@type":"type.googleapis.com/google.cloud.functions.v2.OperationMetadata","createTime":"2026-08-11T21:42:05.548412111Z","endTime":"2026-08-11T21:42:12.282738056Z","target":"projects/duoelo-987fd/locations/europe-west1/functions/processMatch","verb":"update","cancelRequested":false,"apiVersion":"v2","requestResource":{"@type":"type.googleapis.com/google.cloud.functions.v2.Function","name":"projects/duoelo-987fd/locations/europe-west1/functions/processMatch","buildConfig":{"runtime":"nodejs24","entryPoint":"processMatch","source":{"storageSource":{"bucket":"gcf-v2-sources-504286284116-europe-west1","object":"processMatch/function-source.zip","generation":"1786484525485536"}},"environmentVariables":{"GOOGLE_NODE_RUN_SCRIPTS":""},"dockerRepository":"projects/duoelo-987fd/locations/europe-west1/repositories/gcf-artifacts","sourceProvenance":{"resolvedStorageSource":{"bucket":"gcf-v2-sources-504286284116-europe-west1","object":"processMatch/function-source.zip","generation":"1786036017156724"}},"dockerRegistry":"ARTIFACT_REGISTRY","sourceToken":"Clhwcm9qZWN0cy81MDQyODYyODQxMTYvbG9jYXRpb25zL2V1cm9wZS13ZXN0MS9idWlsZHMvYzE2NjA1MWItZGY0OS00ZjEzLTkyOGMtMmI3ODZiYTUwMjRmEnJldXJvcGUtd2VzdDEtZG9ja2VyLnBrZy5kZXYvZHVvZWxvLTk4N2ZkL2djZi1hcnRpZmFjdHMvZHVvZWxvLS05ODdmZF9fZXVyb3BlLS13ZXN0MV9fcmV2ZW51ZV9jYXRfd2ViaG9vazp2ZXJzaW9uXzEY1JK4ztYOIkhwcm9qZWN0cy9kdW9lbG8tOTg3ZmQvbG9jYXRpb25zL2V1cm9wZS13ZXN0MS9mdW5jdGlvbnMvcmV2ZW51ZUNhdFdlYmhvb2sqDAioru7TBhCQttPhATIIbm9kZWpzMjQ6dwojZ2NyLmlvL2dhZS1ydW50aW1lcy9ub2RlanMyNDpzdGFibGUSUGV1cm9wZS13ZXN0MS1kb2NrZXIucGtnLmRldi9zZXJ2ZXJsZXNzLXJ1bnRpbWVzL2dvb2dsZS0yNC1mdWxsL3J1bnRpbWVzL25vZGVqczI0QAE=","serviceAccount":"projects/duoelo-987fd/serviceAccounts/504286284116-compute@developer.gserviceaccount.com","automaticUpdatePolicy":{}},"serviceConfig":{"service":"projects/duoelo-987fd/locations/europe-west1/services/processmatch","timeoutSeconds":60,"environmentVariables":{"FIREBASE_CONFIG":"{\"projectId\":\"duoelo-987fd\",\"storageBucket\":\"duoelo-987fd.firebasestorage.app\"}","GCLOUD_PROJECT":"duoelo-987fd","EVENTARC_CLOUD_EVENT_SOURCE":"projects/duoelo-987fd/locations/europe-west1/services/processMatch","FUNCTION_REGION":"europe-west1","FUNCTION_SIGNATURE_TYPE":"cloudevent","FUNCTION_TARGET":"processMatch","LOG_EXECUTION_ID":"true"},"ingressSettings":"ALLOW_ALL","uri":"https://processmatch-phlhppihra-ew.a.run.app","serviceAccountEmail":"504286284116-compute@developer.gserviceaccount.com","availableMemory":"256Mi","allTrafficOnLatestRevision":true,"revision":"processmatch-00001-bev","maxInstanceRequestConcurrency":80,"availableCpu":"1"},"eventTrigger":{"trigger":"projects/duoelo-987fd/locations/europe-west1/triggers/processmatch-778683","triggerRegion":"europe-west1","eventType":"google.cloud.firestore.document.v1.updated","eventFilters":[{"attribute":"database","value":"(default)"},{"attribute":"namespace","value":"(default)"},{"attribute":"document","value":"users/{userId}","operator":"match-path-pattern"}],"pubsubTopic":"projects/duoelo-987fd/topics/eventarc-europe-west1-processmatch-778683-707","serviceAccountEmail":"504286284116-compute@developer.gserviceaccount.com","retryPolicy":"RETRY_POLICY_DO_NOT_RETRY"},"state":"ACTIVE","labels":{"deployment-tool":"cli-firebase","firebase-functions-hash":"56a3ed4ed98a7b7ef9b1bdf89f19909edb74522f"},"environment":"GEN_2","url":"https://europe-west1-duoelo-987fd.cloudfunctions.net/processMatch","satisfiesPzi":true},"stages":[{"name":"BUILD","message":"Reusing build","state":"COMPLETE","resource":"projects/504286284116/locations/europe-west1/builds/c166051b-df49-4f13-928c-2b786ba5024f"},{"name":"SERVICE","message":"Updating Cloud Run service","state":"COMPLETE","resource":"projects/duoelo-987fd/locations/europe-west1/services/processmatch","resourceUri":"https://console.cloud.google.com/run/detail/europe-west1/processmatch?project=duoelo-987fd","stateMessages":[{"severity":"INFO","type":"CloudRunServiceNewRevisionTrafficInfo","message":"A new revision will be deployed serving with 100% traffic."}]},{"name":"TRIGGER","state":"NOT_STARTED"}],"sourceToken":"Clhwcm9qZWN0cy81MDQyODYyODQxMTYvbG9jYXRpb25zL2V1cm9wZS13ZXN0MS9idWlsZHMvYzE2NjA1MWItZGY0OS00ZjEzLTkyOGMtMmI3ODZiYTUwMjRmEnJldXJvcGUtd2VzdDEtZG9ja2VyLnBrZy5kZXYvZHVvZWxvLTk4N2ZkL2djZi1hcnRpZmFjdHMvZHVvZWxvLS05ODdmZF9fZXVyb3BlLS13ZXN0MV9fcmV2ZW51ZV9jYXRfd2ViaG9vazp2ZXJzaW9uXzEY1JK4ztYOIkhwcm9qZWN0cy9kdW9lbG8tOTg3ZmQvbG9jYXRpb25zL2V1cm9wZS13ZXN0MS9mdW5jdGlvbnMvcmV2ZW51ZUNhdFdlYmhvb2sqDAioru7TBhCQttPhATIIbm9kZWpzMjQ6dwojZ2NyLmlvL2dhZS1ydW50aW1lcy9ub2RlanMyNDpzdGFibGUSUGV1cm9wZS13ZXN0MS1kb2NrZXIucGtnLmRldi9zZXJ2ZXJsZXNzLXJ1bnRpbWVzL2dvb2dsZS0yNC1mdWxsL3J1bnRpbWVzL25vZGVqczI0QAE=","operationType":"UPDATE_FUNCTION","buildName":"projects/504286284116/locations/europe-west1/builds/c166051b-df49-4f13-928c-2b786ba5024f"},"done":true,"response":{"@type":"type.googleapis.com/google.cloud.functions.v2.Function","name":"projects/duoelo-987fd/locations/europe-west1/functions/processMatch","buildConfig":{"build":"projects/504286284116/locations/europe-west1/builds/c166051b-df49-4f13-928c-2b786ba5024f","runtime":"nodejs24","entryPoint":"processMatch","source":{"storageSource":{"bucket":"gcf-v2-sources-504286284116-europe-west1","object":"processMatch/function-source.zip","generation":"1786484525485536"}},"environmentVariables":{"GOOGLE_NODE_RUN_SCRIPTS":""},"dockerRepository":"projects/duoelo-987fd/locations/europe-west1/repositories/gcf-artifacts","sourceProvenance":{"resolvedStorageSource":{"bucket":"gcf-v2-sources-504286284116-europe-west1","object":"processMatch/function-source.zip","generation":"1786484525485536"}},"dockerRegistry":"ARTIFACT_REGISTRY","serviceAccount":"projects/duoelo-987fd/serviceAccounts/504286284116-compute@developer.gserviceaccount.com","automaticUpdatePolicy":{}},"serviceConfig":{"service":"projects/duoelo-987fd/locations/europe-west1/services/processmatch","timeoutSeconds":60,"environmentVariables":{"FIREBASE_CONFIG":"{\"projectId\":\"duoelo-987fd\",\"storageBucket\":\"duoelo-987fd.firebasestorage.app\"}","GCLOUD_PROJECT":"duoelo-987fd","EVENTARC_CLOUD_EVENT_SOURCE":"projects/duoelo-987fd/locations/europe-west1/services/processMatch","FUNCTION_REGION":"europe-west1","FUNCTION_SIGNATURE_TYPE":"cloudevent","FUNCTION_TARGET":"processMatch","LOG_EXECUTION_ID":"true"},"maxInstanceCount":20,"ingressSettings":"ALLOW_ALL","uri":"https://processmatch-phlhppihra-ew.a.run.app","serviceAccountEmail":"504286284116-compute@developer.gserviceaccount.com","availableMemory":"256Mi","allTrafficOnLatestRevision":true,"revision":"processmatch-00002-qay","maxInstanceRequestConcurrency":80,"availableCpu":"1"},"eventTrigger":{"trigger":"projects/duoelo-987fd/locations/europe-west1/triggers/processmatch-778683","triggerRegion":"europe-west1","eventType":"google.cloud.firestore.document.v1.updated","eventFilters":[{"attribute":"namespace","value":"(default)"},{"attribute":"document","value":"users/{userId}","operator":"match-path-pattern"},{"attribute":"database","value":"(default)"}],"pubsubTopic":"projects/duoelo-987fd/topics/eventarc-europe-west1-processmatch-778683-707","serviceAccountEmail":"504286284116-compute@developer.gserviceaccount.com","retryPolicy":"RETRY_POLICY_DO_NOT_RETRY"},"state":"ACTIVE","updateTime":"2026-08-11T21:42:05.550757302Z","labels":{"deployment-tool":"cli-firebase","firebase-functions-hash":"56a3ed4ed98a7b7ef9b1bdf89f19909edb74522f"},"environment":"GEN_2","url":"https://europe-west1-duoelo-987fd.cloudfunctions.net/processMatch","createTime":"2026-08-06T17:06:58.271021746Z","satisfiesPzi":true}}
[debug] [2026-08-11T21:42:13.811Z] Got source token Clhwcm9qZWN0cy81MDQyODYyODQxMTYvbG9jYXRpb25zL2V1cm9wZS13ZXN0MS9idWlsZHMvYzE2NjA1MWItZGY0OS00ZjEzLTkyOGMtMmI3ODZiYTUwMjRmEnJldXJvcGUtd2VzdDEtZG9ja2VyLnBrZy5kZXYvZHVvZWxvLTk4N2ZkL2djZi1hcnRpZmFjdHMvZHVvZWxvLS05ODdmZF9fZXVyb3BlLS13ZXN0MV9fcmV2ZW51ZV9jYXRfd2ViaG9vazp2ZXJzaW9uXzEY1JK4ztYOIkhwcm9qZWN0cy9kdW9lbG8tOTg3ZmQvbG9jYXRpb25zL2V1cm9wZS13ZXN0MS9mdW5jdGlvbnMvcmV2ZW51ZUNhdFdlYmhvb2sqDAioru7TBhCQttPhATIIbm9kZWpzMjQ6dwojZ2NyLmlvL2dhZS1ydW50aW1lcy9ub2RlanMyNDpzdGFibGUSUGV1cm9wZS13ZXN0MS1kb2NrZXIucGtnLmRldi9zZXJ2ZXJsZXNzLXJ1bnRpbWVzL2dvb2dsZS0yNC1mdWxsL3J1bnRpbWVzL25vZGVqczI0QAE= for region europe-west1
[info] ✔  functions[processMatch(europe-west1)] Successful update operation. 
[debug] [2026-08-11T21:42:13.988Z] <<< [apiv2][status] GET https://cloudfunctions.googleapis.com/v2/projects/duoelo-987fd/locations/europe-west1/operations/operation-1786484207120-658cc448ff1eb-1a143ea7-eb98343b 200
[debug] [2026-08-11T21:42:13.988Z] <<< [apiv2][body] GET https://cloudfunctions.googleapis.com/v2/projects/duoelo-987fd/locations/europe-west1/operations/operation-1786484207120-658cc448ff1eb-1a143ea7-eb98343b {"name":"projects/duoelo-987fd/locations/europe-west1/operations/operation-1786484207120-658cc448ff1eb-1a143ea7-eb98343b","metadata":{"@type":"type.googleapis.com/google.cloud.functions.v2.OperationMetadata","createTime":"2026-08-11T21:36:47.970702185Z","endTime":"2026-08-11T21:42:13.637651956Z","target":"projects/duoelo-987fd/locations/europe-west1/functions/revenueCatWebhook","verb":"create","cancelRequested":false,"apiVersion":"v2","requestResource":{"@type":"type.googleapis.com/google.cloud.functions.v2.Function","name":"projects/duoelo-987fd/locations/europe-west1/functions/revenueCatWebhook","buildConfig":{"runtime":"nodejs24","entryPoint":"revenueCatWebhook","source":{"storageSource":{"bucket":"gcf-v2-sources-504286284116-europe-west1","object":"revenueCatWebhook/function-source.zip","generation":"1786484207484572"}},"environmentVariables":{"GOOGLE_NODE_RUN_SCRIPTS":""},"serviceAccount":"projects/duoelo-987fd/serviceAccounts/504286284116-compute@developer.gserviceaccount.com","automaticUpdatePolicy":{}},"serviceConfig":{"service":"projects/duoelo-987fd/locations/europe-west1/services/revenuecatwebhook","timeoutSeconds":60,"environmentVariables":{"FIREBASE_CONFIG":"{\"projectId\":\"duoelo-987fd\",\"storageBucket\":\"duoelo-987fd.firebasestorage.app\"}","GCLOUD_PROJECT":"duoelo-987fd","EVENTARC_CLOUD_EVENT_SOURCE":"projects/duoelo-987fd/locations/europe-west1/services/revenueCatWebhook","FUNCTION_REGION":"europe-west1","FUNCTION_TARGET":"revenueCatWebhook","LOG_EXECUTION_ID":"true"},"ingressSettings":"ALLOW_ALL","serviceAccountEmail":"504286284116-compute@developer.gserviceaccount.com","availableMemory":"256Mi","maxInstanceRequestConcurrency":80,"availableCpu":"1"},"labels":{"deployment-tool":"cli-firebase","firebase-functions-hash":"56a3ed4ed98a7b7ef9b1bdf89f19909edb74522f"},"environment":"GEN_2"},"stages":[{"name":"BUILD","message":"Build finished","state":"COMPLETE","resource":"projects/504286284116/locations/europe-west1/builds/c166051b-df49-4f13-928c-2b786ba5024f","resourceUri":"https://console.cloud.google.com/cloud-build/builds;region=europe-west1/c166051b-df49-4f13-928c-2b786ba5024f?project=504286284116"},{"name":"SERVICE","message":"Creating Cloud Run service","state":"COMPLETE","resource":"projects/duoelo-987fd/locations/europe-west1/services/revenuecatwebhook","resourceUri":"https://console.cloud.google.com/run/detail/europe-west1/revenuecatwebhook?project=duoelo-987fd"}],"sourceToken":"Clhwcm9qZWN0cy81MDQyODYyODQxMTYvbG9jYXRpb25zL2V1cm9wZS13ZXN0MS9idWlsZHMvYzE2NjA1MWItZGY0OS00ZjEzLTkyOGMtMmI3ODZiYTUwMjRmEnJldXJvcGUtd2VzdDEtZG9ja2VyLnBrZy5kZXYvZHVvZWxvLTk4N2ZkL2djZi1hcnRpZmFjdHMvZHVvZWxvLS05ODdmZF9fZXVyb3BlLS13ZXN0MV9fcmV2ZW51ZV9jYXRfd2ViaG9vazp2ZXJzaW9uXzEY1JK4ztYOIkhwcm9qZWN0cy9kdW9lbG8tOTg3ZmQvbG9jYXRpb25zL2V1cm9wZS13ZXN0MS9mdW5jdGlvbnMvcmV2ZW51ZUNhdFdlYmhvb2sqDAioru7TBhCQttPhATIIbm9kZWpzMjQ6dwojZ2NyLmlvL2dhZS1ydW50aW1lcy9ub2RlanMyNDpzdGFibGUSUGV1cm9wZS13ZXN0MS1kb2NrZXIucGtnLmRldi9zZXJ2ZXJsZXNzLXJ1bnRpbWVzL2dvb2dsZS0yNC1mdWxsL3J1bnRpbWVzL25vZGVqczI0QAE=","operationType":"CREATE_FUNCTION","buildName":"projects/504286284116/locations/europe-west1/builds/c166051b-df49-4f13-928c-2b786ba5024f"},"done":true,"response":{"@type":"type.googleapis.com/google.cloud.functions.v2.Function","name":"projects/duoelo-987fd/locations/europe-west1/functions/revenueCatWebhook","buildConfig":{"build":"projects/504286284116/locations/europe-west1/builds/c166051b-df49-4f13-928c-2b786ba5024f","runtime":"nodejs24","entryPoint":"revenueCatWebhook","source":{"storageSource":{"bucket":"gcf-v2-sources-504286284116-europe-west1","object":"revenueCatWebhook/function-source.zip","generation":"1786484207484572"}},"environmentVariables":{"GOOGLE_NODE_RUN_SCRIPTS":""},"dockerRepository":"projects/duoelo-987fd/locations/europe-west1/repositories/gcf-artifacts","sourceProvenance":{"resolvedStorageSource":{"bucket":"gcf-v2-sources-504286284116-europe-west1","object":"revenueCatWebhook/function-source.zip","generation":"1786484207484572"}},"dockerRegistry":"ARTIFACT_REGISTRY","serviceAccount":"projects/duoelo-987fd/serviceAccounts/504286284116-compute@developer.gserviceaccount.com","automaticUpdatePolicy":{}},"serviceConfig":{"service":"projects/duoelo-987fd/locations/europe-west1/services/revenuecatwebhook","timeoutSeconds":60,"environmentVariables":{"FIREBASE_CONFIG":"{\"projectId\":\"duoelo-987fd\",\"storageBucket\":\"duoelo-987fd.firebasestorage.app\"}","GCLOUD_PROJECT":"duoelo-987fd","EVENTARC_CLOUD_EVENT_SOURCE":"projects/duoelo-987fd/locations/europe-west1/services/revenueCatWebhook","FUNCTION_REGION":"europe-west1","FUNCTION_TARGET":"revenueCatWebhook","LOG_EXECUTION_ID":"true"},"ingressSettings":"ALLOW_ALL","uri":"https://revenuecatwebhook-phlhppihra-ew.a.run.app","serviceAccountEmail":"504286284116-compute@developer.gserviceaccount.com","availableMemory":"256Mi","allTrafficOnLatestRevision":true,"revision":"revenuecatwebhook-00001-zuh","maxInstanceRequestConcurrency":80,"availableCpu":"1"},"state":"ACTIVE","updateTime":"2026-08-11T21:36:47.963419120Z","labels":{"deployment-tool":"cli-firebase","firebase-functions-hash":"56a3ed4ed98a7b7ef9b1bdf89f19909edb74522f"},"environment":"GEN_2","url":"https://europe-west1-duoelo-987fd.cloudfunctions.net/revenueCatWebhook","createTime":"2026-08-11T21:36:47.963419120Z","satisfiesPzi":true}}
[debug] [2026-08-11T21:42:13.988Z] Got source token Clhwcm9qZWN0cy81MDQyODYyODQxMTYvbG9jYXRpb25zL2V1cm9wZS13ZXN0MS9idWlsZHMvYzE2NjA1MWItZGY0OS00ZjEzLTkyOGMtMmI3ODZiYTUwMjRmEnJldXJvcGUtd2VzdDEtZG9ja2VyLnBrZy5kZXYvZHVvZWxvLTk4N2ZkL2djZi1hcnRpZmFjdHMvZHVvZWxvLS05ODdmZF9fZXVyb3BlLS13ZXN0MV9fcmV2ZW51ZV9jYXRfd2ViaG9vazp2ZXJzaW9uXzEY1JK4ztYOIkhwcm9qZWN0cy9kdW9lbG8tOTg3ZmQvbG9jYXRpb25zL2V1cm9wZS13ZXN0MS9mdW5jdGlvbnMvcmV2ZW51ZUNhdFdlYmhvb2sqDAioru7TBhCQttPhATIIbm9kZWpzMjQ6dwojZ2NyLmlvL2dhZS1ydW50aW1lcy9ub2RlanMyNDpzdGFibGUSUGV1cm9wZS13ZXN0MS1kb2NrZXIucGtnLmRldi9zZXJ2ZXJsZXNzLXJ1bnRpbWVzL2dvb2dsZS0yNC1mdWxsL3J1bnRpbWVzL25vZGVqczI0QAE= for region europe-west1
[debug] [2026-08-11T21:42:13.989Z] Checked if tokens are valid: true, expires at: 1786485775867
[debug] [2026-08-11T21:42:13.989Z] Checked if tokens are valid: true, expires at: 1786485775867
[debug] [2026-08-11T21:42:13.989Z] >>> [apiv2][query] POST https://run.googleapis.com/v1/projects/duoelo-987fd/locations/europe-west1/services/revenuecatwebhook:setIamPolicy [none]
[debug] [2026-08-11T21:42:13.989Z] >>> [apiv2][body] POST https://run.googleapis.com/v1/projects/duoelo-987fd/locations/europe-west1/services/revenuecatwebhook:setIamPolicy {"policy":{"bindings":[{"role":"roles/run.invoker","members":["allUsers"]}],"etag":"","version":3},"updateMask":"bindings,etag,version"}
[debug] [2026-08-11T21:42:14.787Z] <<< [apiv2][status] POST https://run.googleapis.com/v1/projects/duoelo-987fd/locations/europe-west1/services/revenuecatwebhook:setIamPolicy 400
[debug] [2026-08-11T21:42:14.787Z] <<< [apiv2][body] POST https://run.googleapis.com/v1/projects/duoelo-987fd/locations/europe-west1/services/revenuecatwebhook:setIamPolicy {"error":{"code":400,"message":"One or more users named in the policy do not belong to a permitted customer,  perhaps due to an organization policy.","status":"FAILED_PRECONDITION"}}
[error] Failed to set the IAM Policy on the Service projects/duoelo-987fd/locations/europe-west1/services/revenuecatwebhook
[warn] ⚠  functions: Deploys failed. Skipping deletes. 
[debug] [2026-08-11T21:42:14.794Z] Total Function Deployment time: 327956
[debug] [2026-08-11T21:42:14.794Z] 2 Functions Deployed
[debug] [2026-08-11T21:42:14.794Z] 1 Functions Errored
[debug] [2026-08-11T21:42:14.794Z] 0 Function Deployments Aborted
[debug] [2026-08-11T21:42:14.794Z] Average Function Deployment time: 327466
[info] 
[info] Functions deploy had errors with the following functions:
	revenueCatWebhook(europe-west1)
[info] 
[info] Unable to set the invoker for the IAM policy on the following functions:
	revenueCatWebhook(europe-west1)
[info] 
[info] Some common causes of this:
[info] 
[info] - You may not have the roles/functions.admin IAM role. Note that roles/functions.developer does not allow you to change IAM policies.
[info] 
[info] - An organization policy that restricts Network Access on your project.
[info] 
[info] One or more functions were being implicitly made publicly available on function create.
[info] Functions are not implicitly made public on updates. To try to make these functions public on next deploy, configure these functions with invoker set to "public"
[info] Function URL (revenueCatWebhook(europe-west1)): https://europe-west1-duoelo-987fd.cloudfunctions.net/revenueCatWebhook
[debug] [2026-08-11T21:42:15.127Z] Checked if tokens are valid: true, expires at: 1786485775867
[debug] [2026-08-11T21:42:15.127Z] Checked if tokens are valid: true, expires at: 1786485775867
[debug] [2026-08-11T21:42:15.127Z] >>> [apiv2][query] GET https://artifactregistry.googleapis.com/v1/projects/duoelo-987fd/locations/europe-west1/repositories/gcf-artifacts [none]
[debug] [2026-08-11T21:42:15.513Z] <<< [apiv2][status] GET https://artifactregistry.googleapis.com/v1/projects/duoelo-987fd/locations/europe-west1/repositories/gcf-artifacts 200
[debug] [2026-08-11T21:42:15.513Z] <<< [apiv2][body] GET https://artifactregistry.googleapis.com/v1/projects/duoelo-987fd/locations/europe-west1/repositories/gcf-artifacts {"name":"projects/duoelo-987fd/locations/europe-west1/repositories/gcf-artifacts","format":"DOCKER","description":"This repository is created and used by Cloud Functions for storing function docker images.","labels":{"goog-managed-by":"cloudfunctions"},"createTime":"2026-08-06T16:44:48.668080Z","updateTime":"2026-08-11T21:37:29.311257Z","mode":"STANDARD_REPOSITORY","cleanupPolicies":{"firebase-functions-cleanup":{"id":"firebase-functions-cleanup","action":"DELETE","condition":{"tagState":"ANY","olderThan":"86400s"}}},"sizeBytes":"103868930","vulnerabilityScanningConfig":{"lastEnableTime":"2026-08-06T16:44:36.477269725Z","enablementState":"SCANNING_DISABLED","enablementStateReason":"API containerscanning.googleapis.com is not enabled."},"satisfiesPzi":true,"registryUri":"europe-west1-docker.pkg.dev/duoelo-987fd/gcf-artifacts"}
[debug] [2026-08-11T21:42:15.513Z] Functions deploy failed.
[debug] [2026-08-11T21:42:15.513Z] {
  "endpoint": {
    "id": "revenueCatWebhook",
    "project": "duoelo-987fd",
    "region": "europe-west1",
    "entryPoint": "revenueCatWebhook",
    "platform": "gcfv2",
    "runtime": "nodejs24",
    "httpsTrigger": {},
    "labels": {
      "deployment-tool": "cli-firebase"
    },
    "serviceAccount": null,
    "ingressSettings": null,
    "availableMemoryMb": null,
    "timeoutSeconds": null,
    "maxInstances": null,
    "minInstances": null,
    "concurrency": 80,
    "vpc": null,
    "environmentVariables": {
      "FIREBASE_CONFIG": "{\"projectId\":\"duoelo-987fd\",\"storageBucket\":\"duoelo-987fd.firebasestorage.app\"}",
      "GCLOUD_PROJECT": "duoelo-987fd",
      "EVENTARC_CLOUD_EVENT_SOURCE": "projects/duoelo-987fd/locations/europe-west1/services/revenueCatWebhook",
      "FUNCTION_REGION": "europe-west1"
    },
    "codebase": "default",
    "cpu": 1,
    "targetedByOnly": false,
    "hash": "56a3ed4ed98a7b7ef9b1bdf89f19909edb74522f",
    "uri": "https://europe-west1-duoelo-987fd.cloudfunctions.net/revenueCatWebhook",
    "runServiceId": "revenuecatwebhook"
  },
  "op": "set invoker",
  "original": {
    "name": "FirebaseError",
    "children": [],
    "exit": 1,
    "message": "Failed to set the IAM Policy on the Service projects/duoelo-987fd/locations/europe-west1/services/revenuecatwebhook",
    "original": {
      "name": "FirebaseError",
      "children": [],
      "context": {
        "body": {
          "error": {
            "code": 400,
            "message": "One or more users named in the policy do not belong to a permitted customer,  perhaps due to an organization policy.",
            "status": "FAILED_PRECONDITION"
          }
        },
        "response": {
          "statusCode": 400
        }
      },
      "exit": 1,
      "message": "Request to https://run.googleapis.com/v1/projects/duoelo-987fd/locations/europe-west1/services/revenuecatwebhook:setIamPolicy had HTTP Error: 400, One or more users named in the policy do not belong to a permitted customer,  perhaps due to an organization policy.",
      "status": 400
    },
    "status": 400,
    "code": 400
  }
}
[debug] [2026-08-11T21:42:15.586Z] Error: Failed to set invoker function revenueCatWebhook in region europe-west1
    at /usr/local/lib/node_modules/firebase-tools/lib/deploy/functions/release/fabricator.js:56:11
    at process.processTicksAndRejections (node:internal/process/task_queues:104:5)
    at async Fabricator.createV2Function (/usr/local/lib/node_modules/firebase-tools/lib/deploy/functions/release/fabricator.js:451:17)
    at async Fabricator.createEndpoint (/usr/local/lib/node_modules/firebase-tools/lib/deploy/functions/release/fabricator.js:257:13)
    at async Fabricator.wrapOperation (/usr/local/lib/node_modules/firebase-tools/lib/deploy/functions/release/fabricator.js:242:13)
    at async Promise.all (index 0)
    at async Promise.allSettled (index 0)
    at async Fabricator.applyPlan (/usr/local/lib/node_modules/firebase-tools/lib/deploy/functions/release/fabricator.js:159:45)
    at async release (/usr/local/lib/node_modules/firebase-tools/lib/deploy/functions/release/index.js:89:21)
    at async chain (/usr/local/lib/node_modules/firebase-tools/lib/deploy/index.js:114:9)
[error] 
[error] Error: There was an error deploying functions
